observation_date,DGS10
02/02/2004,4.18
03/02/2004,4.13
04/02/2004,4.15
05/02/2004,4.2
06/02/2004,4.12
09/02/2004,4.09
10/02/2004,4.13
11/02/2004,4.05
12/02/2004,4.1
13/02/2004,4.05
16/02/2004,
17/02/2004,4.05
18/02/2004,4.05
19/02/2004,4.05
20/02/2004,4.1
23/02/2004,4.05
24/02/2004,4.04
25/02/2004,4.02
26/02/2004,4.05
27/02/2004,3.99
01/03/2004,4
02/03/2004,4.05
03/03/2004,4.07
04/03/2004,4.04
05/03/2004,3.85
08/03/2004,3.78
09/03/2004,3.73
10/03/2004,3.74
11/03/2004,3.74
12/03/2004,3.78
15/03/2004,3.78
16/03/2004,3.7
17/03/2004,3.71
18/03/2004,3.76
19/03/2004,3.8
22/03/2004,3.74
23/03/2004,3.73
24/03/2004,3.73
25/03/2004,3.75
26/03/2004,3.85
29/03/2004,3.91
30/03/2004,3.91
31/03/2004,3.86
01/04/2004,3.91
02/04/2004,4.15
05/04/2004,4.24
06/04/2004,4.19
07/04/2004,4.19
08/04/2004,4.21
09/04/2004,
12/04/2004,4.25
13/04/2004,4.35
14/04/2004,4.4
15/04/2004,4.42
16/04/2004,4.37
19/04/2004,4.39
20/04/2004,4.43
21/04/2004,4.45
22/04/2004,4.4
23/04/2004,4.48
26/04/2004,4.46
27/04/2004,4.43
28/04/2004,4.5
29/04/2004,4.55
30/04/2004,4.53
03/05/2004,4.53
04/05/2004,4.56
05/05/2004,4.61
06/05/2004,4.63
07/05/2004,4.79
10/05/2004,4.81
11/05/2004,4.79
12/05/2004,4.83
13/05/2004,4.85
14/05/2004,4.79
17/05/2004,4.7
18/05/2004,4.74
19/05/2004,4.79
20/05/2004,4.72
21/05/2004,4.76
24/05/2004,4.75
25/05/2004,4.73
26/05/2004,4.67
27/05/2004,4.6
28/05/2004,4.66
31/05/2004,
01/06/2004,4.71
02/06/2004,4.74
03/06/2004,4.71
04/06/2004,4.78
07/06/2004,4.78
08/06/2004,4.78
09/06/2004,4.82
10/06/2004,4.81
11/06/2004,
14/06/2004,4.89
15/06/2004,4.69
16/06/2004,4.74
17/06/2004,4.71
18/06/2004,4.72
21/06/2004,4.7
22/06/2004,4.72
23/06/2004,4.71
24/06/2004,4.66
25/06/2004,4.66
28/06/2004,4.76
29/06/2004,4.7
30/06/2004,4.62
01/07/2004,4.57
02/07/2004,4.48
05/07/2004,
06/07/2004,4.49
07/07/2004,4.5
08/07/2004,4.49
09/07/2004,4.49
12/07/2004,4.46
13/07/2004,4.5
14/07/2004,4.5
15/07/2004,4.5
16/07/2004,4.38
19/07/2004,4.38
20/07/2004,4.47
21/07/2004,4.5
22/07/2004,4.48
23/07/2004,4.45
26/07/2004,4.49
27/07/2004,4.62
28/07/2004,4.61
29/07/2004,4.6
30/07/2004,4.5
02/08/2004,4.48
03/08/2004,4.45
04/08/2004,4.45
05/08/2004,4.43
06/08/2004,4.24
09/08/2004,4.28
10/08/2004,4.32
11/08/2004,4.3
12/08/2004,4.27
13/08/2004,4.22
16/08/2004,4.26
17/08/2004,4.21
18/08/2004,4.23
19/08/2004,4.22
20/08/2004,4.24
23/08/2004,4.28
24/08/2004,4.28
25/08/2004,4.26
26/08/2004,4.22
27/08/2004,4.23
30/08/2004,4.19
31/08/2004,4.13
01/09/2004,4.13
02/09/2004,4.2
03/09/2004,4.3
06/09/2004,
07/09/2004,4.26
08/09/2004,4.18
09/09/2004,4.22
10/09/2004,4.19
13/09/2004,4.16
14/09/2004,4.15
15/09/2004,4.18
16/09/2004,4.08
17/09/2004,4.14
20/09/2004,4.07
21/09/2004,4.05
22/09/2004,4
23/09/2004,4.02
24/09/2004,4.04
27/09/2004,4.01
28/09/2004,4.02
29/09/2004,4.1
30/09/2004,4.14
01/10/2004,4.21
04/10/2004,4.19
05/10/2004,4.18
06/10/2004,4.23
07/10/2004,4.26
08/10/2004,4.15
11/10/2004,
12/10/2004,4.12
13/10/2004,4.09
14/10/2004,4.03
15/10/2004,4.07
18/10/2004,4.07
19/10/2004,4.07
20/10/2004,4.01
21/10/2004,4.01
22/10/2004,4
25/10/2004,3.99
26/10/2004,4.01
27/10/2004,4.11
28/10/2004,4.09
29/10/2004,4.05
01/11/2004,4.11
02/11/2004,4.1
03/11/2004,4.09
04/11/2004,4.1
05/11/2004,4.21
08/11/2004,4.22
09/11/2004,4.22
10/11/2004,4.25
11/11/2004,
12/11/2004,4.2
15/11/2004,4.2
16/11/2004,4.21
17/11/2004,4.14
18/11/2004,4.12
19/11/2004,4.2
22/11/2004,4.18
23/11/2004,4.19
24/11/2004,4.2
25/11/2004,
26/11/2004,4.24
29/11/2004,4.34
30/11/2004,4.36
01/12/2004,4.38
02/12/2004,4.4
03/12/2004,4.27
06/12/2004,4.24
07/12/2004,4.23
08/12/2004,4.14
09/12/2004,4.19
10/12/2004,4.16
13/12/2004,4.16
14/12/2004,4.14
15/12/2004,4.09
16/12/2004,4.19
17/12/2004,4.21
20/12/2004,4.21
21/12/2004,4.18
22/12/2004,4.21
23/12/2004,4.23
24/12/2004,
27/12/2004,4.3
28/12/2004,4.31
29/12/2004,4.33
30/12/2004,4.27
31/12/2004,4.24
03/01/2005,4.23
04/01/2005,4.29
05/01/2005,4.29
06/01/2005,4.29
07/01/2005,4.29
10/01/2005,4.29
11/01/2005,4.26
12/01/2005,4.25
13/01/2005,4.2
14/01/2005,4.23
17/01/2005,
18/01/2005,4.21
19/01/2005,4.2
20/01/2005,4.17
21/01/2005,4.16
24/01/2005,4.14
25/01/2005,4.2
26/01/2005,4.21
27/01/2005,4.22
28/01/2005,4.16
31/01/2005,4.14
01/02/2005,4.15
02/02/2005,4.15
03/02/2005,4.18
04/02/2005,4.09
07/02/2005,4.07
08/02/2005,4.05
09/02/2005,4
10/02/2005,4.07
11/02/2005,4.1
14/02/2005,4.08
15/02/2005,4.1
16/02/2005,4.16
17/02/2005,4.19
18/02/2005,4.27
21/02/2005,
22/02/2005,4.29
23/02/2005,4.27
24/02/2005,4.29
25/02/2005,4.27
28/02/2005,4.36
01/03/2005,4.38
02/03/2005,4.38
03/03/2005,4.39
04/03/2005,4.32
07/03/2005,4.31
08/03/2005,4.38
09/03/2005,4.52
10/03/2005,4.48
11/03/2005,4.56
14/03/2005,4.52
15/03/2005,4.54
16/03/2005,4.52
17/03/2005,4.47
18/03/2005,4.51
21/03/2005,4.53
22/03/2005,4.63
23/03/2005,4.61
24/03/2005,4.6
25/03/2005,
28/03/2005,4.64
29/03/2005,4.6
30/03/2005,4.56
31/03/2005,4.5
01/04/2005,4.46
04/04/2005,4.47
05/04/2005,4.48
06/04/2005,4.44
07/04/2005,4.49
08/04/2005,4.5
11/04/2005,4.45
12/04/2005,4.38
13/04/2005,4.38
14/04/2005,4.37
15/04/2005,4.27
18/04/2005,4.27
19/04/2005,4.21
20/04/2005,4.22
21/04/2005,4.32
22/04/2005,4.26
25/04/2005,4.26
26/04/2005,4.28
27/04/2005,4.25
28/04/2005,4.19
29/04/2005,4.21
02/05/2005,4.21
03/05/2005,4.21
04/05/2005,4.2
05/05/2005,4.19
06/05/2005,4.28
09/05/2005,4.29
10/05/2005,4.23
11/05/2005,4.21
12/05/2005,4.18
13/05/2005,4.12
16/05/2005,4.13
17/05/2005,4.12
18/05/2005,4.07
19/05/2005,4.11
20/05/2005,4.13
23/05/2005,4.07
24/05/2005,4.04
25/05/2005,4.08
26/05/2005,4.08
27/05/2005,4.08
30/05/2005,
31/05/2005,4
01/06/2005,3.91
02/06/2005,3.89
03/06/2005,3.98
06/06/2005,3.96
07/06/2005,3.92
08/06/2005,3.95
09/06/2005,3.98
10/06/2005,4.05
13/06/2005,4.09
14/06/2005,4.13
15/06/2005,4.12
16/06/2005,4.09
17/06/2005,4.09
20/06/2005,4.11
21/06/2005,4.06
22/06/2005,3.95
23/06/2005,3.96
24/06/2005,3.92
27/06/2005,3.9
28/06/2005,3.97
29/06/2005,3.99
30/06/2005,3.94
01/07/2005,4.06
04/07/2005,
05/07/2005,4.11
06/07/2005,4.08
07/07/2005,4.05
08/07/2005,4.11
11/07/2005,4.11
12/07/2005,4.15
13/07/2005,4.17
14/07/2005,4.19
15/07/2005,4.18
18/07/2005,4.22
19/07/2005,4.2
20/07/2005,4.17
21/07/2005,4.28
22/07/2005,4.23
25/07/2005,4.25
26/07/2005,4.24
27/07/2005,4.27
28/07/2005,4.2
29/07/2005,4.28
01/08/2005,4.32
02/08/2005,4.34
03/08/2005,4.3
04/08/2005,4.32
05/08/2005,4.4
08/08/2005,4.42
09/08/2005,4.41
10/08/2005,4.4
11/08/2005,4.32
12/08/2005,4.24
15/08/2005,4.27
16/08/2005,4.23
17/08/2005,4.28
18/08/2005,4.21
19/08/2005,4.21
22/08/2005,4.22
23/08/2005,4.2
24/08/2005,4.19
25/08/2005,4.18
26/08/2005,4.2
29/08/2005,4.2
30/08/2005,4.16
31/08/2005,4.02
01/09/2005,4.02
02/09/2005,4.03
05/09/2005,
06/09/2005,4.09
07/09/2005,4.15
08/09/2005,4.15
09/09/2005,4.14
12/09/2005,4.18
13/09/2005,4.14
14/09/2005,4.17
15/09/2005,4.22
16/09/2005,4.26
19/09/2005,4.25
20/09/2005,4.26
21/09/2005,4.19
22/09/2005,4.19
23/09/2005,4.25
26/09/2005,4.3
27/09/2005,4.3
28/09/2005,4.26
29/09/2005,4.29
30/09/2005,4.34
03/10/2005,4.39
04/10/2005,4.38
05/10/2005,4.36
06/10/2005,4.37
07/10/2005,4.35
10/10/2005,
11/10/2005,4.39
12/10/2005,4.45
13/10/2005,4.48
14/10/2005,4.48
17/10/2005,4.5
18/10/2005,4.49
19/10/2005,4.47
20/10/2005,4.46
21/10/2005,4.39
24/10/2005,4.45
25/10/2005,4.54
26/10/2005,4.6
27/10/2005,4.57
28/10/2005,4.58
31/10/2005,4.57
01/11/2005,4.58
02/11/2005,4.61
03/11/2005,4.65
04/11/2005,4.66
07/11/2005,4.65
08/11/2005,4.57
09/11/2005,4.64
10/11/2005,4.55
11/11/2005,
14/11/2005,4.61
15/11/2005,4.56
16/11/2005,4.49
17/11/2005,4.46
18/11/2005,4.5
21/11/2005,4.46
22/11/2005,4.43
23/11/2005,4.47
24/11/2005,
25/11/2005,4.43
28/11/2005,4.41
29/11/2005,4.48
30/11/2005,4.49
01/12/2005,4.52
02/12/2005,4.52
05/12/2005,4.57
06/12/2005,4.49
07/12/2005,4.52
08/12/2005,4.47
09/12/2005,4.54
12/12/2005,4.56
13/12/2005,4.54
14/12/2005,4.45
15/12/2005,4.47
16/12/2005,4.45
19/12/2005,4.45
20/12/2005,4.47
21/12/2005,4.49
22/12/2005,4.44
23/12/2005,4.38
26/12/2005,
27/12/2005,4.34
28/12/2005,4.38
29/12/2005,4.37
30/12/2005,4.39
02/01/2006,
03/01/2006,4.37
04/01/2006,4.36
05/01/2006,4.36
06/01/2006,4.38
09/01/2006,4.38
10/01/2006,4.43
11/01/2006,4.46
12/01/2006,4.42
13/01/2006,4.36
16/01/2006,
17/01/2006,4.34
18/01/2006,4.34
19/01/2006,4.38
20/01/2006,4.37
23/01/2006,4.36
24/01/2006,4.4
25/01/2006,4.49
26/01/2006,4.53
27/01/2006,4.52
30/01/2006,4.54
31/01/2006,4.53
01/02/2006,4.57
02/02/2006,4.57
03/02/2006,4.54
06/02/2006,4.55
07/02/2006,4.57
08/02/2006,4.56
09/02/2006,4.54
10/02/2006,4.59
13/02/2006,4.58
14/02/2006,4.62
15/02/2006,4.61
16/02/2006,4.59
17/02/2006,4.54
20/02/2006,
21/02/2006,4.57
22/02/2006,4.53
23/02/2006,4.56
24/02/2006,4.58
27/02/2006,4.59
28/02/2006,4.55
01/03/2006,4.59
02/03/2006,4.64
03/03/2006,4.68
06/03/2006,4.74
07/03/2006,4.74
08/03/2006,4.73
09/03/2006,4.74
10/03/2006,4.76
13/03/2006,4.77
14/03/2006,4.71
15/03/2006,4.73
16/03/2006,4.65
17/03/2006,4.68
20/03/2006,4.66
21/03/2006,4.71
22/03/2006,4.7
23/03/2006,4.73
24/03/2006,4.67
27/03/2006,4.7
28/03/2006,4.79
29/03/2006,4.81
30/03/2006,4.86
31/03/2006,4.86
03/04/2006,4.88
04/04/2006,4.87
05/04/2006,4.84
06/04/2006,4.9
07/04/2006,4.97
10/04/2006,4.97
11/04/2006,4.93
12/04/2006,4.98
13/04/2006,5.05
14/04/2006,
17/04/2006,5.01
18/04/2006,4.99
19/04/2006,5.04
20/04/2006,5.04
21/04/2006,5.01
24/04/2006,4.99
25/04/2006,5.07
26/04/2006,5.12
27/04/2006,5.09
28/04/2006,5.07
01/05/2006,5.14
02/05/2006,5.12
03/05/2006,5.15
04/05/2006,5.16
05/05/2006,5.12
08/05/2006,5.12
09/05/2006,5.13
10/05/2006,5.13
11/05/2006,5.14
12/05/2006,5.19
15/05/2006,5.15
16/05/2006,5.1
17/05/2006,5.16
18/05/2006,5.08
19/05/2006,5.05
22/05/2006,5.04
23/05/2006,5.07
24/05/2006,5.03
25/05/2006,5.07
26/05/2006,5.06
29/05/2006,
30/05/2006,5.09
31/05/2006,5.12
01/06/2006,5.11
02/06/2006,5
05/06/2006,5.02
06/06/2006,5.01
07/06/2006,5.02
08/06/2006,5
09/06/2006,4.98
12/06/2006,4.99
13/06/2006,4.97
14/06/2006,5.05
15/06/2006,5.1
16/06/2006,5.13
19/06/2006,5.14
20/06/2006,5.15
21/06/2006,5.16
22/06/2006,5.2
23/06/2006,5.23
26/06/2006,5.25
27/06/2006,5.21
28/06/2006,5.25
29/06/2006,5.22
30/06/2006,5.15
03/07/2006,5.15
04/07/2006,
05/07/2006,5.23
06/07/2006,5.19
07/07/2006,5.14
10/07/2006,5.13
11/07/2006,5.1
12/07/2006,5.1
13/07/2006,5.08
14/07/2006,5.07
17/07/2006,5.07
18/07/2006,5.13
19/07/2006,5.06
20/07/2006,5.03
21/07/2006,5.05
24/07/2006,5.05
25/07/2006,5.07
26/07/2006,5.04
27/07/2006,5.07
28/07/2006,5
31/07/2006,4.99
01/08/2006,4.99
02/08/2006,4.96
03/08/2006,4.96
04/08/2006,4.91
07/08/2006,4.93
08/08/2006,4.93
09/08/2006,4.92
10/08/2006,4.93
11/08/2006,4.97
14/08/2006,5
15/08/2006,4.93
16/08/2006,4.87
17/08/2006,4.87
18/08/2006,4.84
21/08/2006,4.82
22/08/2006,4.82
23/08/2006,4.82
24/08/2006,4.81
25/08/2006,4.79
28/08/2006,4.8
29/08/2006,4.79
30/08/2006,4.76
31/08/2006,4.74
01/09/2006,4.73
04/09/2006,
05/09/2006,4.78
06/09/2006,4.8
07/09/2006,4.8
08/09/2006,4.78
11/09/2006,4.8
12/09/2006,4.78
13/09/2006,4.77
14/09/2006,4.79
15/09/2006,4.8
18/09/2006,4.81
19/09/2006,4.74
20/09/2006,4.73
21/09/2006,4.65
22/09/2006,4.6
25/09/2006,4.56
26/09/2006,4.59
27/09/2006,4.6
28/09/2006,4.63
29/09/2006,4.64
02/10/2006,4.62
03/10/2006,4.62
04/10/2006,4.57
05/10/2006,4.61
06/10/2006,4.7
09/10/2006,
10/10/2006,4.75
11/10/2006,4.78
12/10/2006,4.79
13/10/2006,4.81
16/10/2006,4.79
17/10/2006,4.78
18/10/2006,4.77
19/10/2006,4.79
20/10/2006,4.79
23/10/2006,4.83
24/10/2006,4.83
25/10/2006,4.78
26/10/2006,4.73
27/10/2006,4.68
30/10/2006,4.68
31/10/2006,4.61
01/11/2006,4.57
02/11/2006,4.6
03/11/2006,4.72
06/11/2006,4.71
07/11/2006,4.66
08/11/2006,4.64
09/11/2006,4.62
10/11/2006,4.59
13/11/2006,4.61
14/11/2006,4.57
15/11/2006,4.61
16/11/2006,4.66
17/11/2006,4.61
20/11/2006,4.6
21/11/2006,4.58
22/11/2006,4.57
23/11/2006,
24/11/2006,4.55
27/11/2006,4.54
28/11/2006,4.51
29/11/2006,4.52
30/11/2006,4.46
01/12/2006,4.43
04/12/2006,4.43
05/12/2006,4.45
06/12/2006,4.48
07/12/2006,4.49
08/12/2006,4.56
11/12/2006,4.52
12/12/2006,4.49
13/12/2006,4.58
14/12/2006,4.6
15/12/2006,4.6
18/12/2006,4.6
19/12/2006,4.6
20/12/2006,4.6
21/12/2006,4.55
22/12/2006,4.63
25/12/2006,
26/12/2006,4.61
27/12/2006,4.66
28/12/2006,4.7
29/12/2006,4.71
01/01/2007,
02/01/2007,4.68
03/01/2007,4.67
04/01/2007,4.62
05/01/2007,4.65
08/01/2007,4.66
09/01/2007,4.66
10/01/2007,4.69
11/01/2007,4.74
12/01/2007,4.77
15/01/2007,
16/01/2007,4.75
17/01/2007,4.79
18/01/2007,4.75
19/01/2007,4.78
22/01/2007,4.76
23/01/2007,4.81
24/01/2007,4.81
25/01/2007,4.87
26/01/2007,4.88
29/01/2007,4.9
30/01/2007,4.88
31/01/2007,4.83
01/02/2007,4.84
02/02/2007,4.83
05/02/2007,4.81
06/02/2007,4.77
07/02/2007,4.74
08/02/2007,4.73
09/02/2007,4.79
12/02/2007,4.8
13/02/2007,4.82
14/02/2007,4.74
15/02/2007,4.7
16/02/2007,4.69
19/02/2007,
20/02/2007,4.68
21/02/2007,4.69
22/02/2007,4.73
23/02/2007,4.68
26/02/2007,4.63
27/02/2007,4.5
28/02/2007,4.56
01/03/2007,4.56
02/03/2007,4.52
05/03/2007,4.51
06/03/2007,4.53
07/03/2007,4.5
08/03/2007,4.51
09/03/2007,4.59
12/03/2007,4.56
13/03/2007,4.5
14/03/2007,4.53
15/03/2007,4.54
16/03/2007,4.55
19/03/2007,4.58
20/03/2007,4.56
21/03/2007,4.53
22/03/2007,4.6
23/03/2007,4.62
26/03/2007,4.6
27/03/2007,4.62
28/03/2007,4.62
29/03/2007,4.64
30/03/2007,4.65
02/04/2007,4.65
03/04/2007,4.67
04/04/2007,4.66
05/04/2007,4.68
06/04/2007,4.76
09/04/2007,4.75
10/04/2007,4.73
11/04/2007,4.74
12/04/2007,4.74
13/04/2007,4.76
16/04/2007,4.74
17/04/2007,4.69
18/04/2007,4.66
19/04/2007,4.68
20/04/2007,4.68
23/04/2007,4.66
24/04/2007,4.63
25/04/2007,4.66
26/04/2007,4.69
27/04/2007,4.71
30/04/2007,4.63
01/05/2007,4.64
02/05/2007,4.65
03/05/2007,4.68
04/05/2007,4.65
07/05/2007,4.64
08/05/2007,4.63
09/05/2007,4.67
10/05/2007,4.65
11/05/2007,4.67
14/05/2007,4.69
15/05/2007,4.71
16/05/2007,4.71
17/05/2007,4.76
18/05/2007,4.81
21/05/2007,4.79
22/05/2007,4.83
23/05/2007,4.86
24/05/2007,4.86
25/05/2007,4.86
28/05/2007,
29/05/2007,4.88
30/05/2007,4.88
31/05/2007,4.9
01/06/2007,4.95
04/06/2007,4.93
05/06/2007,4.98
06/06/2007,4.97
07/06/2007,5.11
08/06/2007,5.12
11/06/2007,5.14
12/06/2007,5.26
13/06/2007,5.2
14/06/2007,5.23
15/06/2007,5.16
18/06/2007,5.15
19/06/2007,5.09
20/06/2007,5.14
21/06/2007,5.16
22/06/2007,5.14
25/06/2007,5.09
26/06/2007,5.1
27/06/2007,5.09
28/06/2007,5.12
29/06/2007,5.03
02/07/2007,5
03/07/2007,5.05
04/07/2007,
05/07/2007,5.16
06/07/2007,5.19
09/07/2007,5.16
10/07/2007,5.03
11/07/2007,5.09
12/07/2007,5.13
13/07/2007,5.11
16/07/2007,5.05
17/07/2007,5.08
18/07/2007,5.02
19/07/2007,5.04
20/07/2007,4.96
23/07/2007,4.97
24/07/2007,4.94
25/07/2007,4.92
26/07/2007,4.79
27/07/2007,4.8
30/07/2007,4.82
31/07/2007,4.78
01/08/2007,4.76
02/08/2007,4.77
03/08/2007,4.71
06/08/2007,4.72
07/08/2007,4.77
08/08/2007,4.84
09/08/2007,4.79
10/08/2007,4.81
13/08/2007,4.78
14/08/2007,4.73
15/08/2007,4.69
16/08/2007,4.6
17/08/2007,4.68
20/08/2007,4.64
21/08/2007,4.6
22/08/2007,4.63
23/08/2007,4.62
24/08/2007,4.63
27/08/2007,4.6
28/08/2007,4.53
29/08/2007,4.57
30/08/2007,4.51
31/08/2007,4.54
03/09/2007,
04/09/2007,4.56
05/09/2007,4.48
06/09/2007,4.51
07/09/2007,4.38
10/09/2007,4.34
11/09/2007,4.37
12/09/2007,4.41
13/09/2007,4.49
14/09/2007,4.47
17/09/2007,4.48
18/09/2007,4.5
19/09/2007,4.53
20/09/2007,4.69
21/09/2007,4.64
24/09/2007,4.63
25/09/2007,4.63
26/09/2007,4.63
27/09/2007,4.58
28/09/2007,4.59
01/10/2007,4.56
02/10/2007,4.54
03/10/2007,4.55
04/10/2007,4.54
05/10/2007,4.65
08/10/2007,
09/10/2007,4.67
10/10/2007,4.65
11/10/2007,4.66
12/10/2007,4.7
15/10/2007,4.69
16/10/2007,4.66
17/10/2007,4.57
18/10/2007,4.52
19/10/2007,4.41
22/10/2007,4.42
23/10/2007,4.41
24/10/2007,4.36
25/10/2007,4.37
26/10/2007,4.41
29/10/2007,4.39
30/10/2007,4.4
31/10/2007,4.48
01/11/2007,4.36
02/11/2007,4.31
05/11/2007,4.35
06/11/2007,4.38
07/11/2007,4.34
08/11/2007,4.28
09/11/2007,4.23
12/11/2007,
13/11/2007,4.26
14/11/2007,4.28
15/11/2007,4.17
16/11/2007,4.15
19/11/2007,4.07
20/11/2007,4.06
21/11/2007,4
22/11/2007,
23/11/2007,4.01
26/11/2007,3.83
27/11/2007,3.95
28/11/2007,4.03
29/11/2007,3.94
30/11/2007,3.97
03/12/2007,3.89
04/12/2007,3.89
05/12/2007,3.92
06/12/2007,4.02
07/12/2007,4.12
10/12/2007,4.15
11/12/2007,3.98
12/12/2007,4.05
13/12/2007,4.18
14/12/2007,4.24
17/12/2007,4.2
18/12/2007,4.14
19/12/2007,4.06
20/12/2007,4.04
21/12/2007,4.18
24/12/2007,4.23
25/12/2007,
26/12/2007,4.3
27/12/2007,4.21
28/12/2007,4.11
31/12/2007,4.04
01/01/2008,
02/01/2008,3.91
03/01/2008,3.91
04/01/2008,3.88
07/01/2008,3.86
08/01/2008,3.86
09/01/2008,3.82
10/01/2008,3.91
11/01/2008,3.82
14/01/2008,3.81
15/01/2008,3.72
16/01/2008,3.74
17/01/2008,3.66
18/01/2008,3.66
21/01/2008,
22/01/2008,3.52
23/01/2008,3.51
24/01/2008,3.68
25/01/2008,3.61
28/01/2008,3.61
29/01/2008,3.69
30/01/2008,3.78
31/01/2008,3.67
01/02/2008,3.62
04/02/2008,3.68
05/02/2008,3.61
06/02/2008,3.61
07/02/2008,3.74
08/02/2008,3.64
11/02/2008,3.62
12/02/2008,3.66
13/02/2008,3.7
14/02/2008,3.85
15/02/2008,3.76
18/02/2008,
19/02/2008,3.89
20/02/2008,3.93
21/02/2008,3.77
22/02/2008,3.79
25/02/2008,3.91
26/02/2008,3.88
27/02/2008,3.85
28/02/2008,3.71
29/02/2008,3.53
03/03/2008,3.54
04/03/2008,3.63
05/03/2008,3.7
06/03/2008,3.62
07/03/2008,3.56
10/03/2008,3.46
11/03/2008,3.6
12/03/2008,3.49
13/03/2008,3.56
14/03/2008,3.44
17/03/2008,3.34
18/03/2008,3.48
19/03/2008,3.38
20/03/2008,3.34
21/03/2008,
24/03/2008,3.56
25/03/2008,3.51
26/03/2008,3.51
27/03/2008,3.56
28/03/2008,3.47
31/03/2008,3.45
01/04/2008,3.57
02/04/2008,3.6
03/04/2008,3.61
04/04/2008,3.5
07/04/2008,3.57
08/04/2008,3.58
09/04/2008,3.49
10/04/2008,3.55
11/04/2008,3.49
14/04/2008,3.53
15/04/2008,3.6
16/04/2008,3.72
17/04/2008,3.75
18/04/2008,3.77
21/04/2008,3.75
22/04/2008,3.74
23/04/2008,3.77
24/04/2008,3.87
25/04/2008,3.91
28/04/2008,3.86
29/04/2008,3.85
30/04/2008,3.77
01/05/2008,3.78
02/05/2008,3.89
05/05/2008,3.88
06/05/2008,3.93
07/05/2008,3.87
08/05/2008,3.79
09/05/2008,3.77
12/05/2008,3.78
13/05/2008,3.9
14/05/2008,3.92
15/05/2008,3.83
16/05/2008,3.85
19/05/2008,3.83
20/05/2008,3.78
21/05/2008,3.81
22/05/2008,3.92
23/05/2008,3.85
26/05/2008,
27/05/2008,3.93
28/05/2008,4.03
29/05/2008,4.08
30/05/2008,4.06
02/06/2008,3.98
03/06/2008,3.92
04/06/2008,3.98
05/06/2008,4.06
06/06/2008,3.94
09/06/2008,4.02
10/06/2008,4.11
11/06/2008,4.1
12/06/2008,4.23
13/06/2008,4.27
16/06/2008,4.25
17/06/2008,4.23
18/06/2008,4.16
19/06/2008,4.22
20/06/2008,4.16
23/06/2008,4.19
24/06/2008,4.1
25/06/2008,4.12
26/06/2008,4.07
27/06/2008,3.99
30/06/2008,3.99
01/07/2008,4.01
02/07/2008,3.99
03/07/2008,3.99
04/07/2008,
07/07/2008,3.95
08/07/2008,3.91
09/07/2008,3.85
10/07/2008,3.83
11/07/2008,3.96
14/07/2008,3.9
15/07/2008,3.87
16/07/2008,3.97
17/07/2008,4.07
18/07/2008,4.11
21/07/2008,4.09
22/07/2008,4.14
23/07/2008,4.16
24/07/2008,4.03
25/07/2008,4.13
28/07/2008,4.06
29/07/2008,4.09
30/07/2008,4.07
31/07/2008,3.99
01/08/2008,3.97
04/08/2008,3.98
05/08/2008,4.04
06/08/2008,4.06
07/08/2008,3.92
08/08/2008,3.94
11/08/2008,3.99
12/08/2008,3.91
13/08/2008,3.94
14/08/2008,3.89
15/08/2008,3.84
18/08/2008,3.82
19/08/2008,3.83
20/08/2008,3.79
21/08/2008,3.84
22/08/2008,3.87
25/08/2008,3.79
26/08/2008,3.79
27/08/2008,3.77
28/08/2008,3.79
29/08/2008,3.83
01/09/2008,
02/09/2008,3.74
03/09/2008,3.71
04/09/2008,3.64
05/09/2008,3.66
08/09/2008,3.66
09/09/2008,3.62
10/09/2008,3.65
11/09/2008,3.64
12/09/2008,3.74
15/09/2008,3.47
16/09/2008,3.48
17/09/2008,3.41
18/09/2008,3.54
19/09/2008,3.78
22/09/2008,3.83
23/09/2008,3.85
24/09/2008,3.8
25/09/2008,3.88
26/09/2008,3.85
29/09/2008,3.61
30/09/2008,3.85
01/10/2008,3.77
02/10/2008,3.66
03/10/2008,3.63
06/10/2008,3.48
07/10/2008,3.5
08/10/2008,3.72
09/10/2008,3.84
10/10/2008,3.89
13/10/2008,
14/10/2008,4.08
15/10/2008,4.04
16/10/2008,3.99
17/10/2008,3.98
20/10/2008,3.91
21/10/2008,3.76
22/10/2008,3.65
23/10/2008,3.63
24/10/2008,3.76
27/10/2008,3.79
28/10/2008,3.89
29/10/2008,3.93
30/10/2008,4
31/10/2008,4.01
03/11/2008,3.96
04/11/2008,3.81
05/11/2008,3.73
06/11/2008,3.75
07/11/2008,3.83
10/11/2008,3.82
11/11/2008,
12/11/2008,3.75
13/11/2008,3.84
14/11/2008,3.72
17/11/2008,3.68
18/11/2008,3.53
19/11/2008,3.38
20/11/2008,3.1
21/11/2008,3.2
24/11/2008,3.35
25/11/2008,3.11
26/11/2008,2.99
27/11/2008,
28/11/2008,2.93
01/12/2008,2.72
02/12/2008,2.68
03/12/2008,2.67
04/12/2008,2.55
05/12/2008,2.67
08/12/2008,2.77
09/12/2008,2.67
10/12/2008,2.69
11/12/2008,2.64
12/12/2008,2.6
15/12/2008,2.53
16/12/2008,2.37
17/12/2008,2.2
18/12/2008,2.08
19/12/2008,2.13
22/12/2008,2.16
23/12/2008,2.18
24/12/2008,2.2
25/12/2008,
26/12/2008,2.16
29/12/2008,2.13
30/12/2008,2.11
31/12/2008,2.25
01/01/2009,
02/01/2009,2.46
05/01/2009,2.49
06/01/2009,2.51
07/01/2009,2.52
08/01/2009,2.47
09/01/2009,2.43
12/01/2009,2.34
13/01/2009,2.33
14/01/2009,2.24
15/01/2009,2.23
16/01/2009,2.36
19/01/2009,
20/01/2009,2.4
21/01/2009,2.56
22/01/2009,2.62
23/01/2009,2.65
26/01/2009,2.7
27/01/2009,2.59
28/01/2009,2.71
29/01/2009,2.87
30/01/2009,2.87
02/02/2009,2.76
03/02/2009,2.89
04/02/2009,2.95
05/02/2009,2.95
06/02/2009,3.05
09/02/2009,3.07
10/02/2009,2.9
11/02/2009,2.78
12/02/2009,2.75
13/02/2009,2.89
16/02/2009,
17/02/2009,2.64
18/02/2009,2.74
19/02/2009,2.85
20/02/2009,2.78
23/02/2009,2.78
24/02/2009,2.8
25/02/2009,2.95
26/02/2009,2.98
27/02/2009,3.02
02/03/2009,2.91
03/03/2009,2.93
04/03/2009,3.01
05/03/2009,2.83
06/03/2009,2.83
09/03/2009,2.89
10/03/2009,2.99
11/03/2009,2.95
12/03/2009,2.89
13/03/2009,2.89
16/03/2009,2.97
17/03/2009,3.02
18/03/2009,2.51
19/03/2009,2.61
20/03/2009,2.65
23/03/2009,2.68
24/03/2009,2.68
25/03/2009,2.81
26/03/2009,2.76
27/03/2009,2.78
30/03/2009,2.73
31/03/2009,2.71
01/04/2009,2.68
02/04/2009,2.77
03/04/2009,2.91
06/04/2009,2.95
07/04/2009,2.93
08/04/2009,2.86
09/04/2009,2.96
10/04/2009,
13/04/2009,2.88
14/04/2009,2.8
15/04/2009,2.82
16/04/2009,2.86
17/04/2009,2.98
20/04/2009,2.88
21/04/2009,2.94
22/04/2009,2.98
23/04/2009,2.96
24/04/2009,3.03
27/04/2009,2.95
28/04/2009,3.05
29/04/2009,3.12
30/04/2009,3.16
01/05/2009,3.21
04/05/2009,3.19
05/05/2009,3.2
06/05/2009,3.18
07/05/2009,3.29
08/05/2009,3.29
11/05/2009,3.17
12/05/2009,3.17
13/05/2009,3.11
14/05/2009,3.1
15/05/2009,3.14
18/05/2009,3.22
19/05/2009,3.25
20/05/2009,3.19
21/05/2009,3.35
22/05/2009,3.45
25/05/2009,
26/05/2009,3.5
27/05/2009,3.71
28/05/2009,3.67
29/05/2009,3.47
01/06/2009,3.71
02/06/2009,3.65
03/06/2009,3.56
04/06/2009,3.72
05/06/2009,3.84
08/06/2009,3.91
09/06/2009,3.86
10/06/2009,3.98
11/06/2009,3.88
12/06/2009,3.81
15/06/2009,3.76
16/06/2009,3.67
17/06/2009,3.68
18/06/2009,3.86
19/06/2009,3.79
22/06/2009,3.72
23/06/2009,3.65
24/06/2009,3.72
25/06/2009,3.55
26/06/2009,3.52
29/06/2009,3.51
30/06/2009,3.53
01/07/2009,3.55
02/07/2009,3.51
03/07/2009,
06/07/2009,3.52
07/07/2009,3.47
08/07/2009,3.33
09/07/2009,3.44
10/07/2009,3.32
13/07/2009,3.38
14/07/2009,3.5
15/07/2009,3.63
16/07/2009,3.59
17/07/2009,3.67
20/07/2009,3.61
21/07/2009,3.5
22/07/2009,3.58
23/07/2009,3.72
24/07/2009,3.7
27/07/2009,3.75
28/07/2009,3.72
29/07/2009,3.69
30/07/2009,3.67
31/07/2009,3.52
03/08/2009,3.66
04/08/2009,3.7
05/08/2009,3.8
06/08/2009,3.79
07/08/2009,3.89
10/08/2009,3.8
11/08/2009,3.71
12/08/2009,3.72
13/08/2009,3.59
14/08/2009,3.55
17/08/2009,3.48
18/08/2009,3.51
19/08/2009,3.45
20/08/2009,3.42
21/08/2009,3.56
24/08/2009,3.48
25/08/2009,3.45
26/08/2009,3.44
27/08/2009,3.47
28/08/2009,3.46
31/08/2009,3.4
01/09/2009,3.38
02/09/2009,3.29
03/09/2009,3.33
04/09/2009,3.45
07/09/2009,
08/09/2009,3.47
09/09/2009,3.48
10/09/2009,3.36
11/09/2009,3.34
14/09/2009,3.42
15/09/2009,3.47
16/09/2009,3.48
17/09/2009,3.42
18/09/2009,3.49
21/09/2009,3.49
22/09/2009,3.46
23/09/2009,3.44
24/09/2009,3.4
25/09/2009,3.34
28/09/2009,3.31
29/09/2009,3.31
30/09/2009,3.31
01/10/2009,3.21
02/10/2009,3.24
05/10/2009,3.24
06/10/2009,3.27
07/10/2009,3.21
08/10/2009,3.27
09/10/2009,3.4
12/10/2009,
13/10/2009,3.34
14/10/2009,3.45
15/10/2009,3.49
16/10/2009,3.43
19/10/2009,3.41
20/10/2009,3.35
21/10/2009,3.42
22/10/2009,3.44
23/10/2009,3.51
26/10/2009,3.59
27/10/2009,3.49
28/10/2009,3.44
29/10/2009,3.53
30/10/2009,3.41
02/11/2009,3.45
03/11/2009,3.5
04/11/2009,3.57
05/11/2009,3.57
06/11/2009,3.54
09/11/2009,3.52
10/11/2009,3.5
11/11/2009,
12/11/2009,3.45
13/11/2009,3.43
16/11/2009,3.33
17/11/2009,3.33
18/11/2009,3.36
19/11/2009,3.35
20/11/2009,3.36
23/11/2009,3.37
24/11/2009,3.32
25/11/2009,3.28
26/11/2009,
27/11/2009,3.21
30/11/2009,3.21
01/12/2009,3.28
02/12/2009,3.32
03/12/2009,3.39
04/12/2009,3.48
07/12/2009,3.44
08/12/2009,3.4
09/12/2009,3.45
10/12/2009,3.49
11/12/2009,3.55
14/12/2009,3.56
15/12/2009,3.6
16/12/2009,3.61
17/12/2009,3.5
18/12/2009,3.55
21/12/2009,3.69
22/12/2009,3.76
23/12/2009,3.77
24/12/2009,3.82
25/12/2009,
28/12/2009,3.85
29/12/2009,3.82
30/12/2009,3.8
31/12/2009,3.85
01/01/2010,
04/01/2010,3.85
05/01/2010,3.77
06/01/2010,3.85
07/01/2010,3.85
08/01/2010,3.83
11/01/2010,3.85
12/01/2010,3.74
13/01/2010,3.8
14/01/2010,3.76
15/01/2010,3.7
18/01/2010,
19/01/2010,3.73
20/01/2010,3.68
21/01/2010,3.62
22/01/2010,3.62
25/01/2010,3.66
26/01/2010,3.65
27/01/2010,3.66
28/01/2010,3.68
29/01/2010,3.63
01/02/2010,3.68
02/02/2010,3.67
03/02/2010,3.73
04/02/2010,3.62
05/02/2010,3.59
08/02/2010,3.62
09/02/2010,3.67
10/02/2010,3.72
11/02/2010,3.73
12/02/2010,3.69
15/02/2010,
16/02/2010,3.66
17/02/2010,3.74
18/02/2010,3.79
19/02/2010,3.78
22/02/2010,3.8
23/02/2010,3.69
24/02/2010,3.7
25/02/2010,3.64
26/02/2010,3.61
01/03/2010,3.61
02/03/2010,3.62
03/03/2010,3.63
04/03/2010,3.61
05/03/2010,3.69
08/03/2010,3.72
09/03/2010,3.71
10/03/2010,3.73
11/03/2010,3.73
12/03/2010,3.71
15/03/2010,3.71
16/03/2010,3.66
17/03/2010,3.65
18/03/2010,3.68
19/03/2010,3.7
22/03/2010,3.67
23/03/2010,3.69
24/03/2010,3.84
25/03/2010,3.91
26/03/2010,3.86
29/03/2010,3.88
30/03/2010,3.88
31/03/2010,3.84
01/04/2010,3.89
02/04/2010,3.96
05/04/2010,4.01
06/04/2010,3.98
07/04/2010,3.89
08/04/2010,3.91
09/04/2010,3.9
12/04/2010,3.87
13/04/2010,3.84
14/04/2010,3.88
15/04/2010,3.86
16/04/2010,3.79
19/04/2010,3.83
20/04/2010,3.82
21/04/2010,3.77
22/04/2010,3.8
23/04/2010,3.84
26/04/2010,3.83
27/04/2010,3.71
28/04/2010,3.8
29/04/2010,3.76
30/04/2010,3.69
03/05/2010,3.72
04/05/2010,3.63
05/05/2010,3.58
06/05/2010,3.41
07/05/2010,3.45
10/05/2010,3.57
11/05/2010,3.56
12/05/2010,3.56
13/05/2010,3.55
14/05/2010,3.44
17/05/2010,3.47
18/05/2010,3.38
19/05/2010,3.36
20/05/2010,3.25
21/05/2010,3.2
24/05/2010,3.23
25/05/2010,3.18
26/05/2010,3.21
27/05/2010,3.34
28/05/2010,3.31
31/05/2010,
01/06/2010,3.29
02/06/2010,3.35
03/06/2010,3.39
04/06/2010,3.2
07/06/2010,3.17
08/06/2010,3.18
09/06/2010,3.2
10/06/2010,3.33
11/06/2010,3.24
14/06/2010,3.28
15/06/2010,3.32
16/06/2010,3.27
17/06/2010,3.21
18/06/2010,3.24
21/06/2010,3.26
22/06/2010,3.18
23/06/2010,3.13
24/06/2010,3.14
25/06/2010,3.12
28/06/2010,3.05
29/06/2010,2.97
30/06/2010,2.97
01/07/2010,2.96
02/07/2010,3
05/07/2010,
06/07/2010,2.95
07/07/2010,3
08/07/2010,3.04
09/07/2010,3.07
12/07/2010,3.08
13/07/2010,3.15
14/07/2010,3.07
15/07/2010,3
16/07/2010,2.96
19/07/2010,2.99
20/07/2010,2.98
21/07/2010,2.9
22/07/2010,2.96
23/07/2010,3.02
26/07/2010,3.03
27/07/2010,3.08
28/07/2010,3.03
29/07/2010,3.03
30/07/2010,2.94
02/08/2010,2.99
03/08/2010,2.94
04/08/2010,2.98
05/08/2010,2.94
06/08/2010,2.86
09/08/2010,2.86
10/08/2010,2.79
11/08/2010,2.72
12/08/2010,2.74
13/08/2010,2.68
16/08/2010,2.58
17/08/2010,2.64
18/08/2010,2.64
19/08/2010,2.58
20/08/2010,2.62
23/08/2010,2.6
24/08/2010,2.5
25/08/2010,2.54
26/08/2010,2.5
27/08/2010,2.66
30/08/2010,2.54
31/08/2010,2.47
01/09/2010,2.58
02/09/2010,2.63
03/09/2010,2.72
06/09/2010,
07/09/2010,2.61
08/09/2010,2.66
09/09/2010,2.77
10/09/2010,2.81
13/09/2010,2.74
14/09/2010,2.68
15/09/2010,2.74
16/09/2010,2.77
17/09/2010,2.75
20/09/2010,2.72
21/09/2010,2.61
22/09/2010,2.56
23/09/2010,2.56
24/09/2010,2.62
27/09/2010,2.54
28/09/2010,2.48
29/09/2010,2.52
30/09/2010,2.53
01/10/2010,2.54
04/10/2010,2.5
05/10/2010,2.5
06/10/2010,2.41
07/10/2010,2.41
08/10/2010,2.41
11/10/2010,
12/10/2010,2.44
13/10/2010,2.46
14/10/2010,2.52
15/10/2010,2.59
18/10/2010,2.52
19/10/2010,2.5
20/10/2010,2.51
21/10/2010,2.57
22/10/2010,2.59
25/10/2010,2.59
26/10/2010,2.67
27/10/2010,2.75
28/10/2010,2.69
29/10/2010,2.63
01/11/2010,2.66
02/11/2010,2.63
03/11/2010,2.67
04/11/2010,2.53
05/11/2010,2.58
08/11/2010,2.6
09/11/2010,2.72
10/11/2010,2.65
11/11/2010,
12/11/2010,2.76
15/11/2010,2.92
16/11/2010,2.85
17/11/2010,2.89
18/11/2010,2.9
19/11/2010,2.88
22/11/2010,2.8
23/11/2010,2.77
24/11/2010,2.93
25/11/2010,
26/11/2010,2.87
29/11/2010,2.84
30/11/2010,2.81
01/12/2010,2.97
02/12/2010,3.01
03/12/2010,3.03
06/12/2010,2.95
07/12/2010,3.15
08/12/2010,3.26
09/12/2010,3.23
10/12/2010,3.32
13/12/2010,3.29
14/12/2010,3.49
15/12/2010,3.53
16/12/2010,3.47
17/12/2010,3.33
20/12/2010,3.36
21/12/2010,3.35
22/12/2010,3.36
23/12/2010,3.41
24/12/2010,
27/12/2010,3.36
28/12/2010,3.5
29/12/2010,3.35
30/12/2010,3.38
31/12/2010,3.3
03/01/2011,3.36
04/01/2011,3.36
05/01/2011,3.5
06/01/2011,3.44
07/01/2011,3.34
10/01/2011,3.32
11/01/2011,3.37
12/01/2011,3.4
13/01/2011,3.34
14/01/2011,3.35
17/01/2011,
18/01/2011,3.39
19/01/2011,3.37
20/01/2011,3.47
21/01/2011,3.44
24/01/2011,3.43
25/01/2011,3.35
26/01/2011,3.45
27/01/2011,3.42
28/01/2011,3.36
31/01/2011,3.42
01/02/2011,3.48
02/02/2011,3.52
03/02/2011,3.58
04/02/2011,3.68
07/02/2011,3.68
08/02/2011,3.75
09/02/2011,3.65
10/02/2011,3.7
11/02/2011,3.64
14/02/2011,3.62
15/02/2011,3.61
16/02/2011,3.62
17/02/2011,3.58
18/02/2011,3.59
21/02/2011,
22/02/2011,3.46
23/02/2011,3.49
24/02/2011,3.46
25/02/2011,3.42
28/02/2011,3.42
01/03/2011,3.41
02/03/2011,3.46
03/03/2011,3.58
04/03/2011,3.49
07/03/2011,3.51
08/03/2011,3.56
09/03/2011,3.48
10/03/2011,3.37
11/03/2011,3.4
14/03/2011,3.36
15/03/2011,3.33
16/03/2011,3.22
17/03/2011,3.25
18/03/2011,3.28
21/03/2011,3.34
22/03/2011,3.34
23/03/2011,3.36
24/03/2011,3.42
25/03/2011,3.46
28/03/2011,3.47
29/03/2011,3.5
30/03/2011,3.47
31/03/2011,3.47
01/04/2011,3.46
04/04/2011,3.45
05/04/2011,3.5
06/04/2011,3.56
07/04/2011,3.58
08/04/2011,3.59
11/04/2011,3.59
12/04/2011,3.52
13/04/2011,3.49
14/04/2011,3.51
15/04/2011,3.43
18/04/2011,3.4
19/04/2011,3.39
20/04/2011,3.43
21/04/2011,3.42
22/04/2011,
25/04/2011,3.39
26/04/2011,3.34
27/04/2011,3.39
28/04/2011,3.34
29/04/2011,3.32
02/05/2011,3.31
03/05/2011,3.28
04/05/2011,3.25
05/05/2011,3.18
06/05/2011,3.19
09/05/2011,3.17
10/05/2011,3.23
11/05/2011,3.19
12/05/2011,3.22
13/05/2011,3.18
16/05/2011,3.15
17/05/2011,3.12
18/05/2011,3.18
19/05/2011,3.17
20/05/2011,3.15
23/05/2011,3.13
24/05/2011,3.12
25/05/2011,3.13
26/05/2011,3.07
27/05/2011,3.07
30/05/2011,
31/05/2011,3.05
01/06/2011,2.96
02/06/2011,3.04
03/06/2011,2.99
06/06/2011,3.01
07/06/2011,3.01
08/06/2011,2.98
09/06/2011,3.01
10/06/2011,2.99
13/06/2011,3
14/06/2011,3.11
15/06/2011,2.98
16/06/2011,2.93
17/06/2011,2.94
20/06/2011,2.97
21/06/2011,2.99
22/06/2011,3.01
23/06/2011,2.93
24/06/2011,2.88
27/06/2011,2.95
28/06/2011,3.05
29/06/2011,3.14
30/06/2011,3.18
01/07/2011,3.22
04/07/2011,
05/07/2011,3.16
06/07/2011,3.12
07/07/2011,3.17
08/07/2011,3.03
11/07/2011,2.94
12/07/2011,2.92
13/07/2011,2.92
14/07/2011,2.98
15/07/2011,2.94
18/07/2011,2.94
19/07/2011,2.91
20/07/2011,2.96
21/07/2011,3.03
22/07/2011,2.99
25/07/2011,3.03
26/07/2011,2.99
27/07/2011,3.01
28/07/2011,2.98
29/07/2011,2.82
01/08/2011,2.77
02/08/2011,2.66
03/08/2011,2.64
04/08/2011,2.47
05/08/2011,2.58
08/08/2011,2.4
09/08/2011,2.2
10/08/2011,2.17
11/08/2011,2.34
12/08/2011,2.24
15/08/2011,2.29
16/08/2011,2.23
17/08/2011,2.17
18/08/2011,2.08
19/08/2011,2.07
22/08/2011,2.1
23/08/2011,2.15
24/08/2011,2.29
25/08/2011,2.23
26/08/2011,2.19
29/08/2011,2.28
30/08/2011,2.19
31/08/2011,2.23
01/09/2011,2.15
02/09/2011,2.02
05/09/2011,
06/09/2011,1.98
07/09/2011,2.05
08/09/2011,2
09/09/2011,1.93
12/09/2011,1.94
13/09/2011,2
14/09/2011,2.03
15/09/2011,2.09
16/09/2011,2.08
19/09/2011,1.97
20/09/2011,1.95
21/09/2011,1.88
22/09/2011,1.72
23/09/2011,1.84
26/09/2011,1.91
27/09/2011,2
28/09/2011,2.03
29/09/2011,1.99
30/09/2011,1.92
03/10/2011,1.8
04/10/2011,1.81
05/10/2011,1.92
06/10/2011,2.01
07/10/2011,2.1
10/10/2011,
11/10/2011,2.18
12/10/2011,2.24
13/10/2011,2.19
14/10/2011,2.26
17/10/2011,2.18
18/10/2011,2.19
19/10/2011,2.18
20/10/2011,2.2
21/10/2011,2.23
24/10/2011,2.25
25/10/2011,2.14
26/10/2011,2.23
27/10/2011,2.42
28/10/2011,2.34
31/10/2011,2.17
01/11/2011,2.01
02/11/2011,2.03
03/11/2011,2.09
04/11/2011,2.06
07/11/2011,2.04
08/11/2011,2.1
09/11/2011,2
10/11/2011,2.04
11/11/2011,
14/11/2011,2.04
15/11/2011,2.06
16/11/2011,2.01
17/11/2011,1.96
18/11/2011,2.01
21/11/2011,1.97
22/11/2011,1.94
23/11/2011,1.89
24/11/2011,
25/11/2011,1.97
28/11/2011,1.97
29/11/2011,2
30/11/2011,2.08
01/12/2011,2.11
02/12/2011,2.05
05/12/2011,2.04
06/12/2011,2.08
07/12/2011,2.02
08/12/2011,1.99
09/12/2011,2.07
12/12/2011,2.03
13/12/2011,1.96
14/12/2011,1.92
15/12/2011,1.92
16/12/2011,1.86
19/12/2011,1.82
20/12/2011,1.94
21/12/2011,1.98
22/12/2011,1.97
23/12/2011,2.03
26/12/2011,
27/12/2011,2.02
28/12/2011,1.93
29/12/2011,1.91
30/12/2011,1.89
02/01/2012,
03/01/2012,1.97
04/01/2012,2
05/01/2012,2.02
06/01/2012,1.98
09/01/2012,1.98
10/01/2012,2
11/01/2012,1.93
12/01/2012,1.94
13/01/2012,1.89
16/01/2012,
17/01/2012,1.87
18/01/2012,1.92
19/01/2012,2.01
20/01/2012,2.05
23/01/2012,2.09
24/01/2012,2.08
25/01/2012,2.01
26/01/2012,1.96
27/01/2012,1.93
30/01/2012,1.87
31/01/2012,1.83
01/02/2012,1.87
02/02/2012,1.86
03/02/2012,1.97
06/02/2012,1.93
07/02/2012,2
08/02/2012,2.01
09/02/2012,2.04
10/02/2012,1.96
13/02/2012,1.99
14/02/2012,1.92
15/02/2012,1.93
16/02/2012,1.99
17/02/2012,2.01
20/02/2012,
21/02/2012,2.05
22/02/2012,2.01
23/02/2012,1.99
24/02/2012,1.98
27/02/2012,1.92
28/02/2012,1.94
29/02/2012,1.98
01/03/2012,2.03
02/03/2012,1.99
05/03/2012,2
06/03/2012,1.96
07/03/2012,1.98
08/03/2012,2.03
09/03/2012,2.04
12/03/2012,2.04
13/03/2012,2.14
14/03/2012,2.29
15/03/2012,2.29
16/03/2012,2.31
19/03/2012,2.39
20/03/2012,2.38
21/03/2012,2.31
22/03/2012,2.29
23/03/2012,2.25
26/03/2012,2.26
27/03/2012,2.2
28/03/2012,2.21
29/03/2012,2.18
30/03/2012,2.23
02/04/2012,2.22
03/04/2012,2.3
04/04/2012,2.25
05/04/2012,2.19
06/04/2012,2.07
09/04/2012,2.06
10/04/2012,2.01
11/04/2012,2.05
12/04/2012,2.08
13/04/2012,2.02
16/04/2012,2
17/04/2012,2.03
18/04/2012,2
19/04/2012,1.98
20/04/2012,1.99
23/04/2012,1.96
24/04/2012,2
25/04/2012,2.01
26/04/2012,1.98
27/04/2012,1.96
30/04/2012,1.95
01/05/2012,1.98
02/05/2012,1.96
03/05/2012,1.96
04/05/2012,1.91
07/05/2012,1.92
08/05/2012,1.88
09/05/2012,1.87
10/05/2012,1.89
11/05/2012,1.84
14/05/2012,1.78
15/05/2012,1.76
16/05/2012,1.76
17/05/2012,1.7
18/05/2012,1.71
21/05/2012,1.75
22/05/2012,1.79
23/05/2012,1.73
24/05/2012,1.77
25/05/2012,1.75
28/05/2012,
29/05/2012,1.74
30/05/2012,1.63
31/05/2012,1.59
01/06/2012,1.47
04/06/2012,1.53
05/06/2012,1.57
06/06/2012,1.66
07/06/2012,1.66
08/06/2012,1.65
11/06/2012,1.6
12/06/2012,1.67
13/06/2012,1.61
14/06/2012,1.64
15/06/2012,1.6
18/06/2012,1.59
19/06/2012,1.64
20/06/2012,1.65
21/06/2012,1.63
22/06/2012,1.69
25/06/2012,1.63
26/06/2012,1.66
27/06/2012,1.65
28/06/2012,1.6
29/06/2012,1.67
02/07/2012,1.61
03/07/2012,1.65
04/07/2012,
05/07/2012,1.62
06/07/2012,1.57
09/07/2012,1.53
10/07/2012,1.53
11/07/2012,1.54
12/07/2012,1.5
13/07/2012,1.52
16/07/2012,1.5
17/07/2012,1.53
18/07/2012,1.52
19/07/2012,1.54
20/07/2012,1.49
23/07/2012,1.47
24/07/2012,1.44
25/07/2012,1.43
26/07/2012,1.45
27/07/2012,1.58
30/07/2012,1.53
31/07/2012,1.51
01/08/2012,1.56
02/08/2012,1.51
03/08/2012,1.6
06/08/2012,1.59
07/08/2012,1.66
08/08/2012,1.68
09/08/2012,1.69
10/08/2012,1.65
13/08/2012,1.65
14/08/2012,1.73
15/08/2012,1.8
16/08/2012,1.83
17/08/2012,1.81
20/08/2012,1.82
21/08/2012,1.8
22/08/2012,1.71
23/08/2012,1.68
24/08/2012,1.68
27/08/2012,1.65
28/08/2012,1.64
29/08/2012,1.66
30/08/2012,1.63
31/08/2012,1.57
03/09/2012,
04/09/2012,1.59
05/09/2012,1.6
06/09/2012,1.68
07/09/2012,1.67
10/09/2012,1.68
11/09/2012,1.7
12/09/2012,1.77
13/09/2012,1.75
14/09/2012,1.88
17/09/2012,1.85
18/09/2012,1.82
19/09/2012,1.79
20/09/2012,1.8
21/09/2012,1.77
24/09/2012,1.74
25/09/2012,1.7
26/09/2012,1.64
27/09/2012,1.66
28/09/2012,1.65
01/10/2012,1.64
02/10/2012,1.64
03/10/2012,1.64
04/10/2012,1.7
05/10/2012,1.75
08/10/2012,
09/10/2012,1.74
10/10/2012,1.72
11/10/2012,1.7
12/10/2012,1.69
15/10/2012,1.7
16/10/2012,1.75
17/10/2012,1.83
18/10/2012,1.86
19/10/2012,1.79
22/10/2012,1.83
23/10/2012,1.79
24/10/2012,1.8
25/10/2012,1.86
26/10/2012,1.78
29/10/2012,1.74
30/10/2012,
31/10/2012,1.72
01/11/2012,1.75
02/11/2012,1.75
05/11/2012,1.72
06/11/2012,1.78
07/11/2012,1.68
08/11/2012,1.62
09/11/2012,1.61
12/11/2012,
13/11/2012,1.59
14/11/2012,1.59
15/11/2012,1.58
16/11/2012,1.58
19/11/2012,1.61
20/11/2012,1.66
21/11/2012,1.69
22/11/2012,
23/11/2012,1.7
26/11/2012,1.66
27/11/2012,1.64
28/11/2012,1.63
29/11/2012,1.62
30/11/2012,1.62
03/12/2012,1.63
04/12/2012,1.62
05/12/2012,1.6
06/12/2012,1.59
07/12/2012,1.64
10/12/2012,1.63
11/12/2012,1.66
12/12/2012,1.72
13/12/2012,1.74
14/12/2012,1.72
17/12/2012,1.78
18/12/2012,1.84
19/12/2012,1.82
20/12/2012,1.81
21/12/2012,1.77
24/12/2012,1.79
25/12/2012,
26/12/2012,1.77
27/12/2012,1.74
28/12/2012,1.73
31/12/2012,1.78
01/01/2013,
02/01/2013,1.86
03/01/2013,1.92
04/01/2013,1.93
07/01/2013,1.92
08/01/2013,1.89
09/01/2013,1.88
10/01/2013,1.91
11/01/2013,1.89
14/01/2013,1.89
15/01/2013,1.86
16/01/2013,1.84
17/01/2013,1.89
18/01/2013,1.87
21/01/2013,
22/01/2013,1.86
23/01/2013,1.86
24/01/2013,1.88
25/01/2013,1.98
28/01/2013,2
29/01/2013,2.03
30/01/2013,2.03
31/01/2013,2.02
01/02/2013,2.04
04/02/2013,2
05/02/2013,2.04
06/02/2013,2
07/02/2013,1.99
08/02/2013,1.99
11/02/2013,1.99
12/02/2013,2.02
13/02/2013,2.05
14/02/2013,2
15/02/2013,2.01
18/02/2013,
19/02/2013,2.03
20/02/2013,2.02
21/02/2013,1.99
22/02/2013,1.97
25/02/2013,1.88
26/02/2013,1.88
27/02/2013,1.91
28/02/2013,1.89
01/03/2013,1.86
04/03/2013,1.88
05/03/2013,1.9
06/03/2013,1.95
07/03/2013,2
08/03/2013,2.06
11/03/2013,2.07
12/03/2013,2.03
13/03/2013,2.04
14/03/2013,2.04
15/03/2013,2.01
18/03/2013,1.96
19/03/2013,1.92
20/03/2013,1.96
21/03/2013,1.95
22/03/2013,1.93
25/03/2013,1.93
26/03/2013,1.92
27/03/2013,1.87
28/03/2013,1.87
29/03/2013,
01/04/2013,1.86
02/04/2013,1.88
03/04/2013,1.83
04/04/2013,1.78
05/04/2013,1.72
08/04/2013,1.76
09/04/2013,1.78
10/04/2013,1.84
11/04/2013,1.82
12/04/2013,1.75
15/04/2013,1.72
16/04/2013,1.75
17/04/2013,1.73
18/04/2013,1.72
19/04/2013,1.73
22/04/2013,1.72
23/04/2013,1.74
24/04/2013,1.73
25/04/2013,1.74
26/04/2013,1.7
29/04/2013,1.7
30/04/2013,1.7
01/05/2013,1.66
02/05/2013,1.66
03/05/2013,1.78
06/05/2013,1.8
07/05/2013,1.82
08/05/2013,1.81
09/05/2013,1.81
10/05/2013,1.9
13/05/2013,1.92
14/05/2013,1.96
15/05/2013,1.94
16/05/2013,1.87
17/05/2013,1.95
20/05/2013,1.97
21/05/2013,1.94
22/05/2013,2.03
23/05/2013,2.02
24/05/2013,2.01
27/05/2013,
28/05/2013,2.15
29/05/2013,2.13
30/05/2013,2.13
31/05/2013,2.16
03/06/2013,2.13
04/06/2013,2.14
05/06/2013,2.1
06/06/2013,2.08
07/06/2013,2.17
10/06/2013,2.22
11/06/2013,2.2
12/06/2013,2.25
13/06/2013,2.19
14/06/2013,2.14
17/06/2013,2.19
18/06/2013,2.2
19/06/2013,2.33
20/06/2013,2.41
21/06/2013,2.52
24/06/2013,2.57
25/06/2013,2.6
26/06/2013,2.55
27/06/2013,2.49
28/06/2013,2.52
01/07/2013,2.5
02/07/2013,2.48
03/07/2013,2.52
04/07/2013,
05/07/2013,2.73
08/07/2013,2.65
09/07/2013,2.65
10/07/2013,2.7
11/07/2013,2.6
12/07/2013,2.61
15/07/2013,2.57
16/07/2013,2.55
17/07/2013,2.52
18/07/2013,2.56
19/07/2013,2.5
22/07/2013,2.5
23/07/2013,2.53
24/07/2013,2.61
25/07/2013,2.61
26/07/2013,2.58
29/07/2013,2.61
30/07/2013,2.63
31/07/2013,2.6
01/08/2013,2.74
02/08/2013,2.63
05/08/2013,2.67
06/08/2013,2.67
07/08/2013,2.61
08/08/2013,2.58
09/08/2013,2.57
12/08/2013,2.61
13/08/2013,2.71
14/08/2013,2.71
15/08/2013,2.77
16/08/2013,2.84
19/08/2013,2.88
20/08/2013,2.82
21/08/2013,2.87
22/08/2013,2.9
23/08/2013,2.82
26/08/2013,2.79
27/08/2013,2.72
28/08/2013,2.78
29/08/2013,2.75
30/08/2013,2.78
02/09/2013,
03/09/2013,2.86
04/09/2013,2.9
05/09/2013,2.98
06/09/2013,2.94
09/09/2013,2.9
10/09/2013,2.96
11/09/2013,2.93
12/09/2013,2.92
13/09/2013,2.9
16/09/2013,2.88
17/09/2013,2.86
18/09/2013,2.69
19/09/2013,2.76
20/09/2013,2.75
23/09/2013,2.72
24/09/2013,2.67
25/09/2013,2.63
26/09/2013,2.66
27/09/2013,2.64
30/09/2013,2.64
01/10/2013,2.66
02/10/2013,2.63
03/10/2013,2.62
04/10/2013,2.66
07/10/2013,2.65
08/10/2013,2.66
09/10/2013,2.68
10/10/2013,2.71
11/10/2013,2.7
14/10/2013,
15/10/2013,2.75
16/10/2013,2.69
17/10/2013,2.61
18/10/2013,2.6
21/10/2013,2.63
22/10/2013,2.54
23/10/2013,2.51
24/10/2013,2.53
25/10/2013,2.53
28/10/2013,2.54
29/10/2013,2.53
30/10/2013,2.55
31/10/2013,2.57
01/11/2013,2.65
04/11/2013,2.63
05/11/2013,2.69
06/11/2013,2.67
07/11/2013,2.63
08/11/2013,2.77
11/11/2013,
12/11/2013,2.8
13/11/2013,2.75
14/11/2013,2.69
15/11/2013,2.71
18/11/2013,2.67
19/11/2013,2.71
20/11/2013,2.8
21/11/2013,2.79
22/11/2013,2.75
25/11/2013,2.74
26/11/2013,2.71
27/11/2013,2.74
28/11/2013,
29/11/2013,2.75
02/12/2013,2.81
03/12/2013,2.79
04/12/2013,2.84
05/12/2013,2.88
06/12/2013,2.88
09/12/2013,2.86
10/12/2013,2.81
11/12/2013,2.86
12/12/2013,2.89
13/12/2013,2.88
16/12/2013,2.89
17/12/2013,2.85
18/12/2013,2.89
19/12/2013,2.94
20/12/2013,2.89
23/12/2013,2.94
24/12/2013,2.99
25/12/2013,
26/12/2013,3
27/12/2013,3.02
30/12/2013,2.99
31/12/2013,3.04
01/01/2014,
02/01/2014,3
03/01/2014,3.01
06/01/2014,2.98
07/01/2014,2.96
08/01/2014,3.01
09/01/2014,2.97
10/01/2014,2.88
13/01/2014,2.84
14/01/2014,2.88
15/01/2014,2.9
16/01/2014,2.86
17/01/2014,2.84
20/01/2014,
21/01/2014,2.85
22/01/2014,2.87
23/01/2014,2.79
24/01/2014,2.75
27/01/2014,2.78
28/01/2014,2.77
29/01/2014,2.69
30/01/2014,2.72
31/01/2014,2.67
03/02/2014,2.61
04/02/2014,2.64
05/02/2014,2.7
06/02/2014,2.73
07/02/2014,2.71
10/02/2014,2.7
11/02/2014,2.75
12/02/2014,2.8
13/02/2014,2.73
14/02/2014,2.75
17/02/2014,
18/02/2014,2.71
19/02/2014,2.73
20/02/2014,2.76
21/02/2014,2.73
24/02/2014,2.75
25/02/2014,2.7
26/02/2014,2.67
27/02/2014,2.65
28/02/2014,2.66
03/03/2014,2.6
04/03/2014,2.7
05/03/2014,2.7
06/03/2014,2.74
07/03/2014,2.8
10/03/2014,2.79
11/03/2014,2.77
12/03/2014,2.73
13/03/2014,2.66
14/03/2014,2.65
17/03/2014,2.7
18/03/2014,2.68
19/03/2014,2.78
20/03/2014,2.79
21/03/2014,2.75
24/03/2014,2.74
25/03/2014,2.75
26/03/2014,2.71
27/03/2014,2.69
28/03/2014,2.73
31/03/2014,2.73
01/04/2014,2.77
02/04/2014,2.82
03/04/2014,2.8
04/04/2014,2.74
07/04/2014,2.71
08/04/2014,2.69
09/04/2014,2.71
10/04/2014,2.65
11/04/2014,2.63
14/04/2014,2.65
15/04/2014,2.64
16/04/2014,2.65
17/04/2014,2.73
18/04/2014,
21/04/2014,2.73
22/04/2014,2.73
23/04/2014,2.7
24/04/2014,2.7
25/04/2014,2.68
28/04/2014,2.7
29/04/2014,2.71
30/04/2014,2.67
01/05/2014,2.63
02/05/2014,2.6
05/05/2014,2.63
06/05/2014,2.61
07/05/2014,2.62
08/05/2014,2.61
09/05/2014,2.62
12/05/2014,2.66
13/05/2014,2.61
14/05/2014,2.54
15/05/2014,2.5
16/05/2014,2.52
19/05/2014,2.54
20/05/2014,2.52
21/05/2014,2.54
22/05/2014,2.56
23/05/2014,2.54
26/05/2014,
27/05/2014,2.52
28/05/2014,2.44
29/05/2014,2.45
30/05/2014,2.48
02/06/2014,2.54
03/06/2014,2.6
04/06/2014,2.61
05/06/2014,2.59
06/06/2014,2.6
09/06/2014,2.62
10/06/2014,2.64
11/06/2014,2.65
12/06/2014,2.58
13/06/2014,2.6
16/06/2014,2.61
17/06/2014,2.66
18/06/2014,2.61
19/06/2014,2.64
20/06/2014,2.63
23/06/2014,2.63
24/06/2014,2.59
25/06/2014,2.57
26/06/2014,2.53
27/06/2014,2.54
30/06/2014,2.53
01/07/2014,2.58
02/07/2014,2.64
03/07/2014,2.65
04/07/2014,
07/07/2014,2.63
08/07/2014,2.58
09/07/2014,2.57
10/07/2014,2.55
11/07/2014,2.53
14/07/2014,2.55
15/07/2014,2.56
16/07/2014,2.55
17/07/2014,2.47
18/07/2014,2.5
21/07/2014,2.49
22/07/2014,2.48
23/07/2014,2.48
24/07/2014,2.52
25/07/2014,2.48
28/07/2014,2.5
29/07/2014,2.47
30/07/2014,2.57
31/07/2014,2.58
01/08/2014,2.52
04/08/2014,2.51
05/08/2014,2.49
06/08/2014,2.49
07/08/2014,2.43
08/08/2014,2.44
11/08/2014,2.44
12/08/2014,2.46
13/08/2014,2.43
14/08/2014,2.4
15/08/2014,2.34
18/08/2014,2.39
19/08/2014,2.4
20/08/2014,2.43
21/08/2014,2.41
22/08/2014,2.4
25/08/2014,2.39
26/08/2014,2.39
27/08/2014,2.37
28/08/2014,2.34
29/08/2014,2.35
01/09/2014,
02/09/2014,2.42
03/09/2014,2.41
04/09/2014,2.45
05/09/2014,2.46
08/09/2014,2.48
09/09/2014,2.5
10/09/2014,2.54
11/09/2014,2.54
12/09/2014,2.62
15/09/2014,2.6
16/09/2014,2.6
17/09/2014,2.62
18/09/2014,2.63
19/09/2014,2.59
22/09/2014,2.57
23/09/2014,2.54
24/09/2014,2.57
25/09/2014,2.52
26/09/2014,2.54
29/09/2014,2.5
30/09/2014,2.52
01/10/2014,2.42
02/10/2014,2.44
03/10/2014,2.45
06/10/2014,2.43
07/10/2014,2.36
08/10/2014,2.35
09/10/2014,2.34
10/10/2014,2.31
13/10/2014,
14/10/2014,2.21
15/10/2014,2.15
16/10/2014,2.17
17/10/2014,2.22
20/10/2014,2.2
21/10/2014,2.23
22/10/2014,2.25
23/10/2014,2.29
24/10/2014,2.29
27/10/2014,2.27
28/10/2014,2.3
29/10/2014,2.34
30/10/2014,2.32
31/10/2014,2.35
03/11/2014,2.36
04/11/2014,2.35
05/11/2014,2.36
06/11/2014,2.39
07/11/2014,2.32
10/11/2014,2.38
11/11/2014,
12/11/2014,2.37
13/11/2014,2.35
14/11/2014,2.32
17/11/2014,2.34
18/11/2014,2.32
19/11/2014,2.36
20/11/2014,2.34
21/11/2014,2.31
24/11/2014,2.3
25/11/2014,2.27
26/11/2014,2.24
27/11/2014,
28/11/2014,2.18
01/12/2014,2.22
02/12/2014,2.28
03/12/2014,2.29
04/12/2014,2.25
05/12/2014,2.31
08/12/2014,2.26
09/12/2014,2.22
10/12/2014,2.18
11/12/2014,2.19
12/12/2014,2.1
15/12/2014,2.12
16/12/2014,2.07
17/12/2014,2.14
18/12/2014,2.22
19/12/2014,2.17
22/12/2014,2.17
23/12/2014,2.26
24/12/2014,2.27
25/12/2014,
26/12/2014,2.25
29/12/2014,2.22
30/12/2014,2.2
31/12/2014,2.17
01/01/2015,
02/01/2015,2.12
05/01/2015,2.04
06/01/2015,1.97
07/01/2015,1.96
08/01/2015,2.03
09/01/2015,1.98
12/01/2015,1.92
13/01/2015,1.91
14/01/2015,1.86
15/01/2015,1.77
16/01/2015,1.83
19/01/2015,
20/01/2015,1.82
21/01/2015,1.87
22/01/2015,1.9
23/01/2015,1.81
26/01/2015,1.83
27/01/2015,1.83
28/01/2015,1.73
29/01/2015,1.77
30/01/2015,1.68
02/02/2015,1.68
03/02/2015,1.79
04/02/2015,1.81
05/02/2015,1.83
06/02/2015,1.95
09/02/2015,1.96
10/02/2015,2.01
11/02/2015,2
12/02/2015,1.99
13/02/2015,2.02
16/02/2015,
17/02/2015,2.14
18/02/2015,2.07
19/02/2015,2.11
20/02/2015,2.13
23/02/2015,2.06
24/02/2015,1.99
25/02/2015,1.96
26/02/2015,2.03
27/02/2015,2
02/03/2015,2.08
03/03/2015,2.12
04/03/2015,2.12
05/03/2015,2.11
06/03/2015,2.24
09/03/2015,2.2
10/03/2015,2.14
11/03/2015,2.11
12/03/2015,2.1
13/03/2015,2.13
16/03/2015,2.1
17/03/2015,2.06
18/03/2015,1.93
19/03/2015,1.98
20/03/2015,1.93
23/03/2015,1.92
24/03/2015,1.88
25/03/2015,1.93
26/03/2015,2.01
27/03/2015,1.95
30/03/2015,1.96
31/03/2015,1.94
01/04/2015,1.87
02/04/2015,1.92
03/04/2015,1.85
06/04/2015,1.92
07/04/2015,1.89
08/04/2015,1.92
09/04/2015,1.97
10/04/2015,1.96
13/04/2015,1.94
14/04/2015,1.9
15/04/2015,1.91
16/04/2015,1.9
17/04/2015,1.87
20/04/2015,1.9
21/04/2015,1.92
22/04/2015,1.99
23/04/2015,1.96
24/04/2015,1.93
27/04/2015,1.94
28/04/2015,2
29/04/2015,2.06
30/04/2015,2.05
01/05/2015,2.12
04/05/2015,2.16
05/05/2015,2.19
06/05/2015,2.25
07/05/2015,2.18
08/05/2015,2.16
11/05/2015,2.28
12/05/2015,2.28
13/05/2015,2.27
14/05/2015,2.23
15/05/2015,2.14
18/05/2015,2.23
19/05/2015,2.27
20/05/2015,2.26
21/05/2015,2.19
22/05/2015,2.21
25/05/2015,
26/05/2015,2.14
27/05/2015,2.14
28/05/2015,2.13
29/05/2015,2.12
01/06/2015,2.19
02/06/2015,2.27
03/06/2015,2.38
04/06/2015,2.31
05/06/2015,2.41
08/06/2015,2.39
09/06/2015,2.42
10/06/2015,2.5
11/06/2015,2.39
12/06/2015,2.39
15/06/2015,2.36
16/06/2015,2.32
17/06/2015,2.32
18/06/2015,2.35
19/06/2015,2.26
22/06/2015,2.37
23/06/2015,2.42
24/06/2015,2.38
25/06/2015,2.4
26/06/2015,2.49
29/06/2015,2.33
30/06/2015,2.35
01/07/2015,2.43
02/07/2015,2.4
03/07/2015,
06/07/2015,2.3
07/07/2015,2.27
08/07/2015,2.22
09/07/2015,2.32
10/07/2015,2.42
13/07/2015,2.44
14/07/2015,2.41
15/07/2015,2.36
16/07/2015,2.36
17/07/2015,2.34
20/07/2015,2.38
21/07/2015,2.35
22/07/2015,2.33
23/07/2015,2.28
24/07/2015,2.27
27/07/2015,2.23
28/07/2015,2.26
29/07/2015,2.29
30/07/2015,2.28
31/07/2015,2.2
03/08/2015,2.16
04/08/2015,2.23
05/08/2015,2.28
06/08/2015,2.23
07/08/2015,2.18
10/08/2015,2.24
11/08/2015,2.15
12/08/2015,2.14
13/08/2015,2.19
14/08/2015,2.2
17/08/2015,2.16
18/08/2015,2.2
19/08/2015,2.12
20/08/2015,2.09
21/08/2015,2.05
24/08/2015,2.01
25/08/2015,2.12
26/08/2015,2.18
27/08/2015,2.18
28/08/2015,2.19
31/08/2015,2.21
01/09/2015,2.17
02/09/2015,2.2
03/09/2015,2.18
04/09/2015,2.13
07/09/2015,
08/09/2015,2.2
09/09/2015,2.21
10/09/2015,2.23
11/09/2015,2.2
14/09/2015,2.18
15/09/2015,2.28
16/09/2015,2.3
17/09/2015,2.21
18/09/2015,2.13
21/09/2015,2.2
22/09/2015,2.14
23/09/2015,2.16
24/09/2015,2.13
25/09/2015,2.17
28/09/2015,2.1
29/09/2015,2.05
30/09/2015,2.06
01/10/2015,2.05
02/10/2015,1.99
05/10/2015,2.07
06/10/2015,2.05
07/10/2015,2.08
08/10/2015,2.12
09/10/2015,2.12
12/10/2015,
13/10/2015,2.06
14/10/2015,1.99
15/10/2015,2.04
16/10/2015,2.04
19/10/2015,2.04
20/10/2015,2.08
21/10/2015,2.04
22/10/2015,2.04
23/10/2015,2.09
26/10/2015,2.07
27/10/2015,2.05
28/10/2015,2.1
29/10/2015,2.19
30/10/2015,2.16
02/11/2015,2.2
03/11/2015,2.23
04/11/2015,2.25
05/11/2015,2.26
06/11/2015,2.34
09/11/2015,2.36
10/11/2015,2.32
11/11/2015,
12/11/2015,2.32
13/11/2015,2.28
16/11/2015,2.27
17/11/2015,2.25
18/11/2015,2.27
19/11/2015,2.24
20/11/2015,2.26
23/11/2015,2.25
24/11/2015,2.24
25/11/2015,2.23
26/11/2015,
27/11/2015,2.22
30/11/2015,2.21
01/12/2015,2.15
02/12/2015,2.18
03/12/2015,2.33
04/12/2015,2.28
07/12/2015,2.23
08/12/2015,2.24
09/12/2015,2.22
10/12/2015,2.24
11/12/2015,2.13
14/12/2015,2.23
15/12/2015,2.28
16/12/2015,2.3
17/12/2015,2.24
18/12/2015,2.19
21/12/2015,2.2
22/12/2015,2.24
23/12/2015,2.27
24/12/2015,2.25
25/12/2015,
28/12/2015,2.24
29/12/2015,2.32
30/12/2015,2.31
31/12/2015,2.27
01/01/2016,
04/01/2016,2.24
05/01/2016,2.25
06/01/2016,2.18
07/01/2016,2.16
08/01/2016,2.13
11/01/2016,2.17
12/01/2016,2.12
13/01/2016,2.08
14/01/2016,2.1
15/01/2016,2.03
18/01/2016,
19/01/2016,2.06
20/01/2016,2.01
21/01/2016,2.02
22/01/2016,2.07
25/01/2016,2.03
26/01/2016,2.01
27/01/2016,2.02
28/01/2016,2
29/01/2016,1.94
01/02/2016,1.97
02/02/2016,1.87
03/02/2016,1.88
04/02/2016,1.87
05/02/2016,1.86
08/02/2016,1.75
09/02/2016,1.74
10/02/2016,1.71
11/02/2016,1.63
12/02/2016,1.74
15/02/2016,
16/02/2016,1.78
17/02/2016,1.81
18/02/2016,1.75
19/02/2016,1.76
22/02/2016,1.77
23/02/2016,1.74
24/02/2016,1.75
25/02/2016,1.71
26/02/2016,1.76
29/02/2016,1.74
01/03/2016,1.83
02/03/2016,1.84
03/03/2016,1.83
04/03/2016,1.88
07/03/2016,1.91
08/03/2016,1.83
09/03/2016,1.9
10/03/2016,1.93
11/03/2016,1.98
14/03/2016,1.97
15/03/2016,1.97
16/03/2016,1.94
17/03/2016,1.91
18/03/2016,1.88
21/03/2016,1.92
22/03/2016,1.94
23/03/2016,1.88
24/03/2016,1.91
25/03/2016,
28/03/2016,1.89
29/03/2016,1.81
30/03/2016,1.83
31/03/2016,1.78
01/04/2016,1.79
04/04/2016,1.78
05/04/2016,1.73
06/04/2016,1.76
07/04/2016,1.7
08/04/2016,1.72
11/04/2016,1.73
12/04/2016,1.79
13/04/2016,1.77
14/04/2016,1.8
15/04/2016,1.76
18/04/2016,1.78
19/04/2016,1.79
20/04/2016,1.85
21/04/2016,1.88
22/04/2016,1.89
25/04/2016,1.91
26/04/2016,1.94
27/04/2016,1.87
28/04/2016,1.84
29/04/2016,1.83
02/05/2016,1.88
03/05/2016,1.81
04/05/2016,1.79
05/05/2016,1.76
06/05/2016,1.79
09/05/2016,1.77
10/05/2016,1.77
11/05/2016,1.73
12/05/2016,1.75
13/05/2016,1.71
16/05/2016,1.75
17/05/2016,1.76
18/05/2016,1.87
19/05/2016,1.85
20/05/2016,1.85
23/05/2016,1.84
24/05/2016,1.86
25/05/2016,1.87
26/05/2016,1.83
27/05/2016,1.85
30/05/2016,
31/05/2016,1.84
01/06/2016,1.85
02/06/2016,1.81
03/06/2016,1.71
06/06/2016,1.73
07/06/2016,1.72
08/06/2016,1.71
09/06/2016,1.68
10/06/2016,1.64
13/06/2016,1.62
14/06/2016,1.62
15/06/2016,1.6
16/06/2016,1.57
17/06/2016,1.62
20/06/2016,1.67
21/06/2016,1.71
22/06/2016,1.69
23/06/2016,1.74
24/06/2016,1.57
27/06/2016,1.46
28/06/2016,1.46
29/06/2016,1.5
30/06/2016,1.49
01/07/2016,1.46
04/07/2016,
05/07/2016,1.37
06/07/2016,1.38
07/07/2016,1.4
08/07/2016,1.37
11/07/2016,1.43
12/07/2016,1.53
13/07/2016,1.48
14/07/2016,1.53
15/07/2016,1.6
18/07/2016,1.59
19/07/2016,1.56
20/07/2016,1.59
21/07/2016,1.57
22/07/2016,1.57
25/07/2016,1.58
26/07/2016,1.57
27/07/2016,1.52
28/07/2016,1.52
29/07/2016,1.46
01/08/2016,1.51
02/08/2016,1.55
03/08/2016,1.55
04/08/2016,1.51
05/08/2016,1.59
08/08/2016,1.59
09/08/2016,1.55
10/08/2016,1.5
11/08/2016,1.57
12/08/2016,1.51
15/08/2016,1.55
16/08/2016,1.57
17/08/2016,1.56
18/08/2016,1.53
19/08/2016,1.58
22/08/2016,1.55
23/08/2016,1.55
24/08/2016,1.56
25/08/2016,1.58
26/08/2016,1.62
29/08/2016,1.57
30/08/2016,1.57
31/08/2016,1.58
01/09/2016,1.57
02/09/2016,1.6
05/09/2016,
06/09/2016,1.55
07/09/2016,1.54
08/09/2016,1.61
09/09/2016,1.67
12/09/2016,1.68
13/09/2016,1.73
14/09/2016,1.7
15/09/2016,1.71
16/09/2016,1.7
19/09/2016,1.7
20/09/2016,1.69
21/09/2016,1.66
22/09/2016,1.63
23/09/2016,1.62
26/09/2016,1.59
27/09/2016,1.56
28/09/2016,1.57
29/09/2016,1.56
30/09/2016,1.6
03/10/2016,1.63
04/10/2016,1.69
05/10/2016,1.72
06/10/2016,1.75
07/10/2016,1.73
10/10/2016,
11/10/2016,1.77
12/10/2016,1.79
13/10/2016,1.75
14/10/2016,1.8
17/10/2016,1.77
18/10/2016,1.75
19/10/2016,1.76
20/10/2016,1.76
21/10/2016,1.74
24/10/2016,1.77
25/10/2016,1.77
26/10/2016,1.79
27/10/2016,1.85
28/10/2016,1.86
31/10/2016,1.84
01/11/2016,1.83
02/11/2016,1.81
03/11/2016,1.82
04/11/2016,1.79
07/11/2016,1.83
08/11/2016,1.88
09/11/2016,2.07
10/11/2016,2.15
11/11/2016,
14/11/2016,2.23
15/11/2016,2.23
16/11/2016,2.22
17/11/2016,2.29
18/11/2016,2.34
21/11/2016,2.33
22/11/2016,2.31
23/11/2016,2.36
24/11/2016,
25/11/2016,2.36
28/11/2016,2.32
29/11/2016,2.3
30/11/2016,2.37
01/12/2016,2.45
02/12/2016,2.4
05/12/2016,2.39
06/12/2016,2.39
07/12/2016,2.34
08/12/2016,2.4
09/12/2016,2.47
12/12/2016,2.49
13/12/2016,2.48
14/12/2016,2.54
15/12/2016,2.6
16/12/2016,2.6
19/12/2016,2.54
20/12/2016,2.57
21/12/2016,2.55
22/12/2016,2.55
23/12/2016,2.55
26/12/2016,
27/12/2016,2.57
28/12/2016,2.51
29/12/2016,2.49
30/12/2016,2.45
02/01/2017,
03/01/2017,2.45
04/01/2017,2.46
05/01/2017,2.37
06/01/2017,2.42
09/01/2017,2.38
10/01/2017,2.38
11/01/2017,2.38
12/01/2017,2.36
13/01/2017,2.4
16/01/2017,
17/01/2017,2.33
18/01/2017,2.42
19/01/2017,2.47
20/01/2017,2.48
23/01/2017,2.41
24/01/2017,2.47
25/01/2017,2.53
26/01/2017,2.51
27/01/2017,2.49
30/01/2017,2.49
31/01/2017,2.45
01/02/2017,2.48
02/02/2017,2.48
03/02/2017,2.49
06/02/2017,2.42
07/02/2017,2.4
08/02/2017,2.34
09/02/2017,2.4
10/02/2017,2.41
13/02/2017,2.43
14/02/2017,2.47
15/02/2017,2.51
16/02/2017,2.45
17/02/2017,2.42
20/02/2017,
21/02/2017,2.43
22/02/2017,2.42
23/02/2017,2.38
24/02/2017,2.31
27/02/2017,2.36
28/02/2017,2.36
01/03/2017,2.46
02/03/2017,2.49
03/03/2017,2.49
06/03/2017,2.49
07/03/2017,2.52
08/03/2017,2.57
09/03/2017,2.6
10/03/2017,2.58
13/03/2017,2.62
14/03/2017,2.6
15/03/2017,2.51
16/03/2017,2.53
17/03/2017,2.5
20/03/2017,2.47
21/03/2017,2.43
22/03/2017,2.4
23/03/2017,2.41
24/03/2017,2.4
27/03/2017,2.38
28/03/2017,2.42
29/03/2017,2.39
30/03/2017,2.42
31/03/2017,2.4
03/04/2017,2.35
04/04/2017,2.36
05/04/2017,2.34
06/04/2017,2.34
07/04/2017,2.38
10/04/2017,2.37
11/04/2017,2.32
12/04/2017,2.28
13/04/2017,2.24
14/04/2017,
17/04/2017,2.26
18/04/2017,2.18
19/04/2017,2.21
20/04/2017,2.24
21/04/2017,2.24
24/04/2017,2.28
25/04/2017,2.35
26/04/2017,2.32
27/04/2017,2.3
28/04/2017,2.29
01/05/2017,2.33
02/05/2017,2.29
03/05/2017,2.33
04/05/2017,2.36
05/05/2017,2.36
08/05/2017,2.39
09/05/2017,2.42
10/05/2017,2.41
11/05/2017,2.39
12/05/2017,2.33
15/05/2017,2.34
16/05/2017,2.33
17/05/2017,2.22
18/05/2017,2.23
19/05/2017,2.23
22/05/2017,2.25
23/05/2017,2.29
24/05/2017,2.26
25/05/2017,2.25
26/05/2017,2.25
29/05/2017,
30/05/2017,2.21
31/05/2017,2.21
01/06/2017,2.21
02/06/2017,2.15
05/06/2017,2.18
06/06/2017,2.14
07/06/2017,2.18
08/06/2017,2.19
09/06/2017,2.21
12/06/2017,2.21
13/06/2017,2.21
14/06/2017,2.15
15/06/2017,2.16
16/06/2017,2.16
19/06/2017,2.19
20/06/2017,2.16
21/06/2017,2.16
22/06/2017,2.15
23/06/2017,2.15
26/06/2017,2.14
27/06/2017,2.21
28/06/2017,2.22
29/06/2017,2.27
30/06/2017,2.31
03/07/2017,2.35
04/07/2017,
05/07/2017,2.33
06/07/2017,2.37
07/07/2017,2.39
10/07/2017,2.38
11/07/2017,2.37
12/07/2017,2.33
13/07/2017,2.35
14/07/2017,2.33
17/07/2017,2.31
18/07/2017,2.27
19/07/2017,2.27
20/07/2017,2.27
21/07/2017,2.24
24/07/2017,2.26
25/07/2017,2.33
26/07/2017,2.29
27/07/2017,2.32
28/07/2017,2.3
31/07/2017,2.3
01/08/2017,2.26
02/08/2017,2.27
03/08/2017,2.24
04/08/2017,2.27
07/08/2017,2.26
08/08/2017,2.29
09/08/2017,2.24
10/08/2017,2.2
11/08/2017,2.19
14/08/2017,2.22
15/08/2017,2.27
16/08/2017,2.23
17/08/2017,2.19
18/08/2017,2.19
21/08/2017,2.18
22/08/2017,2.22
23/08/2017,2.17
24/08/2017,2.19
25/08/2017,2.17
28/08/2017,2.16
29/08/2017,2.13
30/08/2017,2.15
31/08/2017,2.12
01/09/2017,2.16
04/09/2017,
05/09/2017,2.07
06/09/2017,2.1
07/09/2017,2.05
08/09/2017,2.06
11/09/2017,2.14
12/09/2017,2.17
13/09/2017,2.2
14/09/2017,2.2
15/09/2017,2.2
18/09/2017,2.23
19/09/2017,2.24
20/09/2017,2.28
21/09/2017,2.27
22/09/2017,2.26
25/09/2017,2.22
26/09/2017,2.24
27/09/2017,2.31
28/09/2017,2.31
29/09/2017,2.33
02/10/2017,2.34
03/10/2017,2.33
04/10/2017,2.33
05/10/2017,2.35
06/10/2017,2.37
09/10/2017,
10/10/2017,2.35
11/10/2017,2.35
12/10/2017,2.33
13/10/2017,2.28
16/10/2017,2.3
17/10/2017,2.3
18/10/2017,2.34
19/10/2017,2.33
20/10/2017,2.39
23/10/2017,2.38
24/10/2017,2.42
25/10/2017,2.44
26/10/2017,2.46
27/10/2017,2.42
30/10/2017,2.37
31/10/2017,2.38
01/11/2017,2.37
02/11/2017,2.35
03/11/2017,2.34
06/11/2017,2.32
07/11/2017,2.32
08/11/2017,2.32
09/11/2017,2.33
10/11/2017,2.4
13/11/2017,2.4
14/11/2017,2.38
15/11/2017,2.33
16/11/2017,2.37
17/11/2017,2.35
20/11/2017,2.37
21/11/2017,2.36
22/11/2017,2.32
23/11/2017,
24/11/2017,2.34
27/11/2017,2.32
28/11/2017,2.34
29/11/2017,2.37
30/11/2017,2.42
01/12/2017,2.37
04/12/2017,2.37
05/12/2017,2.36
06/12/2017,2.33
07/12/2017,2.37
08/12/2017,2.38
11/12/2017,2.39
12/12/2017,2.4
13/12/2017,2.36
14/12/2017,2.35
15/12/2017,2.35
18/12/2017,2.39
19/12/2017,2.46
20/12/2017,2.49
21/12/2017,2.48
22/12/2017,2.48
25/12/2017,
26/12/2017,2.47
27/12/2017,2.42
28/12/2017,2.43
29/12/2017,2.4
01/01/2018,
02/01/2018,2.46
03/01/2018,2.44
04/01/2018,2.46
05/01/2018,2.47
08/01/2018,2.49
09/01/2018,2.55
10/01/2018,2.55
11/01/2018,2.54
12/01/2018,2.55
15/01/2018,
16/01/2018,2.54
17/01/2018,2.57
18/01/2018,2.62
19/01/2018,2.64
22/01/2018,2.66
23/01/2018,2.63
24/01/2018,2.65
25/01/2018,2.63
26/01/2018,2.66
29/01/2018,2.7
30/01/2018,2.73
31/01/2018,2.72
01/02/2018,2.78
02/02/2018,2.84
05/02/2018,2.77
06/02/2018,2.79
07/02/2018,2.84
08/02/2018,2.85
09/02/2018,2.83
12/02/2018,2.86
13/02/2018,2.83
14/02/2018,2.91
15/02/2018,2.9
16/02/2018,2.87
19/02/2018,
20/02/2018,2.88
21/02/2018,2.94
22/02/2018,2.92
23/02/2018,2.88
26/02/2018,2.86
27/02/2018,2.9
28/02/2018,2.87
01/03/2018,2.81
02/03/2018,2.86
05/03/2018,2.88
06/03/2018,2.88
07/03/2018,2.89
08/03/2018,2.86
09/03/2018,2.9
12/03/2018,2.87
13/03/2018,2.84
14/03/2018,2.81
15/03/2018,2.82
16/03/2018,2.85
19/03/2018,2.85
20/03/2018,2.89
21/03/2018,2.89
22/03/2018,2.83
23/03/2018,2.82
26/03/2018,2.85
27/03/2018,2.78
28/03/2018,2.77
29/03/2018,2.74
30/03/2018,
02/04/2018,2.73
03/04/2018,2.79
04/04/2018,2.79
05/04/2018,2.83
06/04/2018,2.77
09/04/2018,2.78
10/04/2018,2.8
11/04/2018,2.79
12/04/2018,2.83
13/04/2018,2.82
16/04/2018,2.83
17/04/2018,2.82
18/04/2018,2.87
19/04/2018,2.92
20/04/2018,2.96
23/04/2018,2.98
24/04/2018,3
25/04/2018,3.03
26/04/2018,3
27/04/2018,2.96
30/04/2018,2.95
01/05/2018,2.97
02/05/2018,2.97
03/05/2018,2.94
04/05/2018,2.95
07/05/2018,2.95
08/05/2018,2.97
09/05/2018,3
10/05/2018,2.97
11/05/2018,2.97
14/05/2018,3
15/05/2018,3.08
16/05/2018,3.09
17/05/2018,3.11
18/05/2018,3.06
21/05/2018,3.06
22/05/2018,3.06
23/05/2018,3.01
24/05/2018,2.98
25/05/2018,2.93
28/05/2018,
29/05/2018,2.77
30/05/2018,2.84
31/05/2018,2.83
01/06/2018,2.89
04/06/2018,2.94
05/06/2018,2.92
06/06/2018,2.97
07/06/2018,2.93
08/06/2018,2.93
11/06/2018,2.96
12/06/2018,2.96
13/06/2018,2.98
14/06/2018,2.94
15/06/2018,2.93
18/06/2018,2.92
19/06/2018,2.89
20/06/2018,2.93
21/06/2018,2.9
22/06/2018,2.9
25/06/2018,2.87
26/06/2018,2.88
27/06/2018,2.83
28/06/2018,2.84
29/06/2018,2.85
02/07/2018,2.87
03/07/2018,2.83
04/07/2018,
05/07/2018,2.84
06/07/2018,2.82
09/07/2018,2.86
10/07/2018,2.87
11/07/2018,2.85
12/07/2018,2.85
13/07/2018,2.83
16/07/2018,2.85
17/07/2018,2.86
18/07/2018,2.88
19/07/2018,2.84
20/07/2018,2.89
23/07/2018,2.96
24/07/2018,2.95
25/07/2018,2.94
26/07/2018,2.98
27/07/2018,2.96
30/07/2018,2.98
31/07/2018,2.96
01/08/2018,3
02/08/2018,2.98
03/08/2018,2.95
06/08/2018,2.94
07/08/2018,2.98
08/08/2018,2.96
09/08/2018,2.93
10/08/2018,2.87
13/08/2018,2.88
14/08/2018,2.89
15/08/2018,2.86
16/08/2018,2.87
17/08/2018,2.87
20/08/2018,2.82
21/08/2018,2.85
22/08/2018,2.82
23/08/2018,2.82
24/08/2018,2.82
27/08/2018,2.85
28/08/2018,2.88
29/08/2018,2.89
30/08/2018,2.86
31/08/2018,2.86
03/09/2018,
04/09/2018,2.9
05/09/2018,2.9
06/09/2018,2.88
07/09/2018,2.94
10/09/2018,2.94
11/09/2018,2.98
12/09/2018,2.97
13/09/2018,2.97
14/09/2018,2.99
17/09/2018,2.99
18/09/2018,3.05
19/09/2018,3.08
20/09/2018,3.07
21/09/2018,3.07
24/09/2018,3.08
25/09/2018,3.1
26/09/2018,3.06
27/09/2018,3.06
28/09/2018,3.05
01/10/2018,3.09
02/10/2018,3.05
03/10/2018,3.15
04/10/2018,3.19
05/10/2018,3.23
08/10/2018,
09/10/2018,3.21
10/10/2018,3.22
11/10/2018,3.14
12/10/2018,3.15
15/10/2018,3.16
16/10/2018,3.16
17/10/2018,3.19
18/10/2018,3.17
19/10/2018,3.2
22/10/2018,3.2
23/10/2018,3.17
24/10/2018,3.1
25/10/2018,3.14
26/10/2018,3.08
29/10/2018,3.08
30/10/2018,3.12
31/10/2018,3.15
01/11/2018,3.14
02/11/2018,3.22
05/11/2018,3.2
06/11/2018,3.22
07/11/2018,3.22
08/11/2018,3.24
09/11/2018,3.19
12/11/2018,
13/11/2018,3.14
14/11/2018,3.12
15/11/2018,3.11
16/11/2018,3.08
19/11/2018,3.06
20/11/2018,3.06
21/11/2018,3.06
22/11/2018,
23/11/2018,3.05
26/11/2018,3.07
27/11/2018,3.06
28/11/2018,3.06
29/11/2018,3.03
30/11/2018,3.01
03/12/2018,2.98
04/12/2018,2.91
05/12/2018,
06/12/2018,2.87
07/12/2018,2.85
10/12/2018,2.85
11/12/2018,2.89
12/12/2018,2.91
13/12/2018,2.91
14/12/2018,2.89
17/12/2018,2.86
18/12/2018,2.82
19/12/2018,2.77
20/12/2018,2.79
21/12/2018,2.79
24/12/2018,2.74
25/12/2018,
26/12/2018,2.81
27/12/2018,2.77
28/12/2018,2.72
31/12/2018,2.69
01/01/2019,
02/01/2019,2.66
03/01/2019,2.56
04/01/2019,2.67
07/01/2019,2.7
08/01/2019,2.73
09/01/2019,2.74
10/01/2019,2.74
11/01/2019,2.71
14/01/2019,2.71
15/01/2019,2.72
16/01/2019,2.73
17/01/2019,2.75
18/01/2019,2.79
21/01/2019,
22/01/2019,2.74
23/01/2019,2.76
24/01/2019,2.72
25/01/2019,2.76
28/01/2019,2.75
29/01/2019,2.72
30/01/2019,2.7
31/01/2019,2.63
01/02/2019,2.7
04/02/2019,2.73
05/02/2019,2.71
06/02/2019,2.7
07/02/2019,2.65
08/02/2019,2.63
11/02/2019,2.65
12/02/2019,2.68
13/02/2019,2.71
14/02/2019,2.66
15/02/2019,2.66
18/02/2019,
19/02/2019,2.65
20/02/2019,2.65
21/02/2019,2.69
22/02/2019,2.65
25/02/2019,2.67
26/02/2019,2.64
27/02/2019,2.69
28/02/2019,2.73
01/03/2019,2.76
04/03/2019,2.72
05/03/2019,2.72
06/03/2019,2.69
07/03/2019,2.64
08/03/2019,2.62
11/03/2019,2.64
12/03/2019,2.61
13/03/2019,2.61
14/03/2019,2.63
15/03/2019,2.59
18/03/2019,2.6
19/03/2019,2.61
20/03/2019,2.54
21/03/2019,2.54
22/03/2019,2.44
25/03/2019,2.43
26/03/2019,2.41
27/03/2019,2.39
28/03/2019,2.39
29/03/2019,2.41
01/04/2019,2.49
02/04/2019,2.48
03/04/2019,2.52
04/04/2019,2.51
05/04/2019,2.5
08/04/2019,2.52
09/04/2019,2.51
10/04/2019,2.48
11/04/2019,2.51
12/04/2019,2.56
15/04/2019,2.55
16/04/2019,2.6
17/04/2019,2.59
18/04/2019,2.57
19/04/2019,
22/04/2019,2.59
23/04/2019,2.57
24/04/2019,2.53
25/04/2019,2.54
26/04/2019,2.51
29/04/2019,2.54
30/04/2019,2.51
01/05/2019,2.52
02/05/2019,2.55
03/05/2019,2.54
06/05/2019,2.51
07/05/2019,2.45
08/05/2019,2.49
09/05/2019,2.45
10/05/2019,2.47
13/05/2019,2.4
14/05/2019,2.42
15/05/2019,2.37
16/05/2019,2.4
17/05/2019,2.39
20/05/2019,2.41
21/05/2019,2.43
22/05/2019,2.39
23/05/2019,2.31
24/05/2019,2.32
27/05/2019,
28/05/2019,2.26
29/05/2019,2.25
30/05/2019,2.22
31/05/2019,2.14
03/06/2019,2.07
04/06/2019,2.12
05/06/2019,2.12
06/06/2019,2.12
07/06/2019,2.09
10/06/2019,2.15
11/06/2019,2.15
12/06/2019,2.13
13/06/2019,2.1
14/06/2019,2.09
17/06/2019,2.09
18/06/2019,2.06
19/06/2019,2.03
20/06/2019,2.01
21/06/2019,2.07
24/06/2019,2.02
25/06/2019,2
26/06/2019,2.05
27/06/2019,2.01
28/06/2019,2
01/07/2019,2.03
02/07/2019,1.98
03/07/2019,1.96
04/07/2019,
05/07/2019,2.04
08/07/2019,2.05
09/07/2019,2.07
10/07/2019,2.07
11/07/2019,2.13
12/07/2019,2.12
15/07/2019,2.09
16/07/2019,2.13
17/07/2019,2.06
18/07/2019,2.04
19/07/2019,2.05
22/07/2019,2.05
23/07/2019,2.08
24/07/2019,2.05
25/07/2019,2.08
26/07/2019,2.08
29/07/2019,2.06
30/07/2019,2.06
31/07/2019,2.02
01/08/2019,1.9
02/08/2019,1.86
05/08/2019,1.75
06/08/2019,1.73
07/08/2019,1.71
08/08/2019,1.72
09/08/2019,1.74
12/08/2019,1.65
13/08/2019,1.68
14/08/2019,1.59
15/08/2019,1.52
16/08/2019,1.55
19/08/2019,1.6
20/08/2019,1.55
21/08/2019,1.59
22/08/2019,1.62
23/08/2019,1.52
26/08/2019,1.54
27/08/2019,1.49
28/08/2019,1.47
29/08/2019,1.5
30/08/2019,1.5
02/09/2019,
03/09/2019,1.47
04/09/2019,1.47
05/09/2019,1.57
06/09/2019,1.55
09/09/2019,1.63
10/09/2019,1.72
11/09/2019,1.75
12/09/2019,1.79
13/09/2019,1.9
16/09/2019,1.84
17/09/2019,1.81
18/09/2019,1.8
19/09/2019,1.79
20/09/2019,1.74
23/09/2019,1.72
24/09/2019,1.64
25/09/2019,1.73
26/09/2019,1.7
27/09/2019,1.69
30/09/2019,1.68
01/10/2019,1.65
02/10/2019,1.6
03/10/2019,1.54
04/10/2019,1.52
07/10/2019,1.56
08/10/2019,1.54
09/10/2019,1.59
10/10/2019,1.67
11/10/2019,1.76
14/10/2019,
15/10/2019,1.77
16/10/2019,1.75
17/10/2019,1.76
18/10/2019,1.76
21/10/2019,1.8
22/10/2019,1.78
23/10/2019,1.77
24/10/2019,1.77
25/10/2019,1.8
28/10/2019,1.85
29/10/2019,1.84
30/10/2019,1.78
31/10/2019,1.69
01/11/2019,1.73
04/11/2019,1.79
05/11/2019,1.86
06/11/2019,1.81
07/11/2019,1.92
08/11/2019,1.94
11/11/2019,
12/11/2019,1.92
13/11/2019,1.88
14/11/2019,1.82
15/11/2019,1.84
18/11/2019,1.81
19/11/2019,1.79
20/11/2019,1.73
21/11/2019,1.77
22/11/2019,1.77
25/11/2019,1.76
26/11/2019,1.74
27/11/2019,1.77
28/11/2019,
29/11/2019,1.78
02/12/2019,1.83
03/12/2019,1.72
04/12/2019,1.77
05/12/2019,1.8
06/12/2019,1.84
09/12/2019,1.83
10/12/2019,1.85
11/12/2019,1.79
12/12/2019,1.9
13/12/2019,1.82
16/12/2019,1.89
17/12/2019,1.89
18/12/2019,1.92
19/12/2019,1.92
20/12/2019,1.92
23/12/2019,1.93
24/12/2019,1.9
25/12/2019,
26/12/2019,1.9
27/12/2019,1.88
30/12/2019,1.9
31/12/2019,1.92
01/01/2020,
02/01/2020,1.88
03/01/2020,1.8
06/01/2020,1.81
07/01/2020,1.83
08/01/2020,1.87
09/01/2020,1.85
10/01/2020,1.83
13/01/2020,1.85
14/01/2020,1.82
15/01/2020,1.79
16/01/2020,1.81
17/01/2020,1.84
20/01/2020,
21/01/2020,1.78
22/01/2020,1.77
23/01/2020,1.74
24/01/2020,1.7
27/01/2020,1.61
28/01/2020,1.65
29/01/2020,1.6
30/01/2020,1.57
31/01/2020,1.51
03/02/2020,1.54
04/02/2020,1.61
05/02/2020,1.66
06/02/2020,1.65
07/02/2020,1.59
10/02/2020,1.56
11/02/2020,1.59
12/02/2020,1.62
13/02/2020,1.61
14/02/2020,1.59
17/02/2020,
18/02/2020,1.55
19/02/2020,1.56
20/02/2020,1.52
21/02/2020,1.46
24/02/2020,1.38
25/02/2020,1.33
26/02/2020,1.33
27/02/2020,1.3
28/02/2020,1.13
02/03/2020,1.1
03/03/2020,1.02
04/03/2020,1.02
05/03/2020,0.92
06/03/2020,0.74
09/03/2020,0.54
10/03/2020,0.76
11/03/2020,0.82
12/03/2020,0.88
13/03/2020,0.94
16/03/2020,0.73
17/03/2020,1.02
18/03/2020,1.18
19/03/2020,1.12
20/03/2020,0.92
23/03/2020,0.76
24/03/2020,0.84
25/03/2020,0.88
26/03/2020,0.83
27/03/2020,0.72
30/03/2020,0.7
31/03/2020,0.7
01/04/2020,0.62
02/04/2020,0.63
03/04/2020,0.62
06/04/2020,0.67
07/04/2020,0.75
08/04/2020,0.77
09/04/2020,0.73
10/04/2020,
13/04/2020,0.76
14/04/2020,0.76
15/04/2020,0.63
16/04/2020,0.61
17/04/2020,0.65
20/04/2020,0.63
21/04/2020,0.58
22/04/2020,0.63
23/04/2020,0.61
24/04/2020,0.6
27/04/2020,0.67
28/04/2020,0.62
29/04/2020,0.63
30/04/2020,0.64
01/05/2020,0.64
04/05/2020,0.64
05/05/2020,0.66
06/05/2020,0.72
07/05/2020,0.63
08/05/2020,0.69
11/05/2020,0.73
12/05/2020,0.69
13/05/2020,0.64
14/05/2020,0.63
15/05/2020,0.64
18/05/2020,0.73
19/05/2020,0.7
20/05/2020,0.68
21/05/2020,0.68
22/05/2020,0.66
25/05/2020,
26/05/2020,0.69
27/05/2020,0.68
28/05/2020,0.7
29/05/2020,0.65
01/06/2020,0.66
02/06/2020,0.68
03/06/2020,0.77
04/06/2020,0.82
05/06/2020,0.91
08/06/2020,0.88
09/06/2020,0.84
10/06/2020,0.75
11/06/2020,0.66
12/06/2020,0.71
15/06/2020,0.71
16/06/2020,0.75
17/06/2020,0.74
18/06/2020,0.71
19/06/2020,0.7
22/06/2020,0.71
23/06/2020,0.72
24/06/2020,0.69
25/06/2020,0.68
26/06/2020,0.64
29/06/2020,0.64
30/06/2020,0.66
01/07/2020,0.69
02/07/2020,0.68
03/07/2020,
06/07/2020,0.69
07/07/2020,0.65
08/07/2020,0.67
09/07/2020,0.62
10/07/2020,0.65
13/07/2020,0.64
14/07/2020,0.63
15/07/2020,0.64
16/07/2020,0.62
17/07/2020,0.64
20/07/2020,0.62
21/07/2020,0.61
22/07/2020,0.6
23/07/2020,0.59
24/07/2020,0.59
27/07/2020,0.62
28/07/2020,0.59
29/07/2020,0.58
30/07/2020,0.55
31/07/2020,0.55
03/08/2020,0.56
04/08/2020,0.52
05/08/2020,0.55
06/08/2020,0.55
07/08/2020,0.57
10/08/2020,0.59
11/08/2020,0.64
12/08/2020,0.69
13/08/2020,0.71
14/08/2020,0.71
17/08/2020,0.69
18/08/2020,0.67
19/08/2020,0.68
20/08/2020,0.65
21/08/2020,0.64
24/08/2020,0.65
25/08/2020,0.69
26/08/2020,0.69
27/08/2020,0.74
28/08/2020,0.74
31/08/2020,0.72
01/09/2020,0.68
02/09/2020,0.66
03/09/2020,0.63
04/09/2020,0.72
07/09/2020,
08/09/2020,0.69
09/09/2020,0.71
10/09/2020,0.68
11/09/2020,0.67
14/09/2020,0.68
15/09/2020,0.68
16/09/2020,0.69
17/09/2020,0.69
18/09/2020,0.7
21/09/2020,0.68
22/09/2020,0.68
23/09/2020,0.68
24/09/2020,0.67
25/09/2020,0.66
28/09/2020,0.67
29/09/2020,0.66
30/09/2020,0.69
01/10/2020,0.68
02/10/2020,0.7
05/10/2020,0.78
06/10/2020,0.76
07/10/2020,0.81
08/10/2020,0.78
09/10/2020,0.79
12/10/2020,
13/10/2020,0.74
14/10/2020,0.73
15/10/2020,0.74
16/10/2020,0.76
19/10/2020,0.78
20/10/2020,0.81
21/10/2020,0.83
22/10/2020,0.87
23/10/2020,0.85
26/10/2020,0.81
27/10/2020,0.79
28/10/2020,0.79
29/10/2020,0.85
30/10/2020,0.88
02/11/2020,0.87
03/11/2020,0.9
04/11/2020,0.78
05/11/2020,0.79
06/11/2020,0.83
09/11/2020,0.96
10/11/2020,0.98
11/11/2020,
12/11/2020,0.88
13/11/2020,0.89
16/11/2020,0.91
17/11/2020,0.87
18/11/2020,0.88
19/11/2020,0.86
20/11/2020,0.83
23/11/2020,0.86
24/11/2020,0.88
25/11/2020,0.88
26/11/2020,
27/11/2020,0.84
30/11/2020,0.84
01/12/2020,0.92
02/12/2020,0.95
03/12/2020,0.92
04/12/2020,0.97
07/12/2020,0.94
08/12/2020,0.92
09/12/2020,0.95
10/12/2020,0.92
11/12/2020,0.9
14/12/2020,0.9
15/12/2020,0.92
16/12/2020,0.92
17/12/2020,0.94
18/12/2020,0.95
21/12/2020,0.95
22/12/2020,0.93
23/12/2020,0.96
24/12/2020,0.94
25/12/2020,
28/12/2020,0.94
29/12/2020,0.94
30/12/2020,0.93
31/12/2020,0.93
01/01/2021,
04/01/2021,0.93
05/01/2021,0.96
06/01/2021,1.04
07/01/2021,1.08
08/01/2021,1.13
11/01/2021,1.15
12/01/2021,1.15
13/01/2021,1.1
14/01/2021,1.15
15/01/2021,1.11
18/01/2021,
19/01/2021,1.1
20/01/2021,1.1
21/01/2021,1.12
22/01/2021,1.1
25/01/2021,1.05
26/01/2021,1.05
27/01/2021,1.04
28/01/2021,1.07
29/01/2021,1.11
01/02/2021,1.09
02/02/2021,1.12
03/02/2021,1.15
04/02/2021,1.15
05/02/2021,1.19
08/02/2021,1.19
09/02/2021,1.18
10/02/2021,1.15
11/02/2021,1.16
12/02/2021,1.2
15/02/2021,
16/02/2021,1.3
17/02/2021,1.29
18/02/2021,1.29
19/02/2021,1.34
22/02/2021,1.37
23/02/2021,1.37
24/02/2021,1.38
25/02/2021,1.54
26/02/2021,1.44
01/03/2021,1.45
02/03/2021,1.42
03/03/2021,1.47
04/03/2021,1.54
05/03/2021,1.56
08/03/2021,1.59
09/03/2021,1.55
10/03/2021,1.53
11/03/2021,1.54
12/03/2021,1.64
15/03/2021,1.62
16/03/2021,1.62
17/03/2021,1.63
18/03/2021,1.71
19/03/2021,1.74
22/03/2021,1.69
23/03/2021,1.63
24/03/2021,1.62
25/03/2021,1.63
26/03/2021,1.67
29/03/2021,1.73
30/03/2021,1.73
31/03/2021,1.74
01/04/2021,1.69
02/04/2021,1.72
05/04/2021,1.73
06/04/2021,1.67
07/04/2021,1.68
08/04/2021,1.64
09/04/2021,1.67
12/04/2021,1.69
13/04/2021,1.64
14/04/2021,1.64
15/04/2021,1.56
16/04/2021,1.59
19/04/2021,1.61
20/04/2021,1.58
21/04/2021,1.57
22/04/2021,1.57
23/04/2021,1.58
26/04/2021,1.58
27/04/2021,1.63
28/04/2021,1.63
29/04/2021,1.65
30/04/2021,1.65
03/05/2021,1.63
04/05/2021,1.61
05/05/2021,1.59
06/05/2021,1.58
07/05/2021,1.6
10/05/2021,1.63
11/05/2021,1.64
12/05/2021,1.69
13/05/2021,1.66
14/05/2021,1.63
17/05/2021,1.64
18/05/2021,1.64
19/05/2021,1.68
20/05/2021,1.63
21/05/2021,1.63
24/05/2021,1.61
25/05/2021,1.56
26/05/2021,1.58
27/05/2021,1.61
28/05/2021,1.58
31/05/2021,
01/06/2021,1.62
02/06/2021,1.59
03/06/2021,1.63
04/06/2021,1.56
07/06/2021,1.57
08/06/2021,1.53
09/06/2021,1.5
10/06/2021,1.45
11/06/2021,1.47
14/06/2021,1.51
15/06/2021,1.51
16/06/2021,1.57
17/06/2021,1.52
18/06/2021,1.45
21/06/2021,1.5
22/06/2021,1.48
23/06/2021,1.5
24/06/2021,1.49
25/06/2021,1.54
28/06/2021,1.49
29/06/2021,1.49
30/06/2021,1.45
01/07/2021,1.48
02/07/2021,1.44
05/07/2021,
06/07/2021,1.37
07/07/2021,1.33
08/07/2021,1.3
09/07/2021,1.37
12/07/2021,1.38
13/07/2021,1.42
14/07/2021,1.37
15/07/2021,1.31
16/07/2021,1.31
19/07/2021,1.19
20/07/2021,1.23
21/07/2021,1.3
22/07/2021,1.27
23/07/2021,1.3
26/07/2021,1.29
27/07/2021,1.25
28/07/2021,1.26
29/07/2021,1.28
30/07/2021,1.24
02/08/2021,1.2
03/08/2021,1.19
04/08/2021,1.19
05/08/2021,1.23
06/08/2021,1.31
09/08/2021,1.33
10/08/2021,1.36
11/08/2021,1.35
12/08/2021,1.36
13/08/2021,1.29
16/08/2021,1.26
17/08/2021,1.26
18/08/2021,1.27
19/08/2021,1.24
20/08/2021,1.26
23/08/2021,1.25
24/08/2021,1.29
25/08/2021,1.35
26/08/2021,1.34
27/08/2021,1.31
30/08/2021,1.29
31/08/2021,1.3
01/09/2021,1.31
02/09/2021,1.29
03/09/2021,1.33
06/09/2021,
07/09/2021,1.38
08/09/2021,1.35
09/09/2021,1.3
10/09/2021,1.35
13/09/2021,1.33
14/09/2021,1.28
15/09/2021,1.31
16/09/2021,1.34
17/09/2021,1.37
20/09/2021,1.31
21/09/2021,1.33
22/09/2021,1.32
23/09/2021,1.41
24/09/2021,1.47
27/09/2021,1.48
28/09/2021,1.54
29/09/2021,1.55
30/09/2021,1.52
01/10/2021,1.48
04/10/2021,1.49
05/10/2021,1.54
06/10/2021,1.53
07/10/2021,1.58
08/10/2021,1.61
11/10/2021,
12/10/2021,1.59
13/10/2021,1.56
14/10/2021,1.52
15/10/2021,1.59
18/10/2021,1.59
19/10/2021,1.65
20/10/2021,1.65
21/10/2021,1.68
22/10/2021,1.66
25/10/2021,1.64
26/10/2021,1.63
27/10/2021,1.54
28/10/2021,1.57
29/10/2021,1.55
01/11/2021,1.58
02/11/2021,1.56
03/11/2021,1.6
04/11/2021,1.53
05/11/2021,1.45
08/11/2021,1.51
09/11/2021,1.46
10/11/2021,1.56
11/11/2021,
12/11/2021,1.58
15/11/2021,1.63
16/11/2021,1.63
17/11/2021,1.6
18/11/2021,1.59
19/11/2021,1.54
22/11/2021,1.63
23/11/2021,1.67
24/11/2021,1.64
25/11/2021,
26/11/2021,1.48
29/11/2021,1.52
30/11/2021,1.43
01/12/2021,1.43
02/12/2021,1.44
03/12/2021,1.35
06/12/2021,1.43
07/12/2021,1.48
08/12/2021,1.52
09/12/2021,1.49
10/12/2021,1.48
13/12/2021,1.42
14/12/2021,1.44
15/12/2021,1.47
16/12/2021,1.44
17/12/2021,1.41
20/12/2021,1.43
21/12/2021,1.48
22/12/2021,1.46
23/12/2021,1.5
24/12/2021,
27/12/2021,1.48
28/12/2021,1.49
29/12/2021,1.55
30/12/2021,1.52
31/12/2021,1.52
03/01/2022,1.63
04/01/2022,1.66
05/01/2022,1.71
06/01/2022,1.73
07/01/2022,1.76
10/01/2022,1.78
11/01/2022,1.75
12/01/2022,1.74
13/01/2022,1.7
14/01/2022,1.78
17/01/2022,
18/01/2022,1.87
19/01/2022,1.83
20/01/2022,1.83
21/01/2022,1.75
24/01/2022,1.75
25/01/2022,1.78
26/01/2022,1.85
27/01/2022,1.81
28/01/2022,1.78
31/01/2022,1.79
01/02/2022,1.81
02/02/2022,1.78
03/02/2022,1.82
04/02/2022,1.93
07/02/2022,1.92
08/02/2022,1.96
09/02/2022,1.94
10/02/2022,2.03
11/02/2022,1.92
14/02/2022,1.98
15/02/2022,2.05
16/02/2022,2.03
17/02/2022,1.97
18/02/2022,1.92
21/02/2022,
22/02/2022,1.94
23/02/2022,1.99
24/02/2022,1.96
25/02/2022,1.97
28/02/2022,1.83
01/03/2022,1.72
02/03/2022,1.86
03/03/2022,1.86
04/03/2022,1.74
07/03/2022,1.78
08/03/2022,1.86
09/03/2022,1.94
10/03/2022,1.98
11/03/2022,2
14/03/2022,2.14
15/03/2022,2.15
16/03/2022,2.19
17/03/2022,2.2
18/03/2022,2.14
21/03/2022,2.32
22/03/2022,2.38
23/03/2022,2.32
24/03/2022,2.34
25/03/2022,2.48
28/03/2022,2.46
29/03/2022,2.41
30/03/2022,2.35
31/03/2022,2.32
01/04/2022,2.39
04/04/2022,2.42
05/04/2022,2.54
06/04/2022,2.61
07/04/2022,2.66
08/04/2022,2.72
11/04/2022,2.79
12/04/2022,2.72
13/04/2022,2.7
14/04/2022,2.83
15/04/2022,
18/04/2022,2.85
19/04/2022,2.93
20/04/2022,2.85
21/04/2022,2.9
22/04/2022,2.9
25/04/2022,2.81
26/04/2022,2.77
27/04/2022,2.82
28/04/2022,2.85
29/04/2022,2.89
